#SampleID,BarcodeSequence,LinkerPrimerSequence,Description,host_subject_id,study_id,title,principal_investigator,doi,ebi_accession,target_gene,target_subfragment,pcr_primers,illumina_technology,extraction_center,run_center,run_date,read_length_bp,sequences_split_libraries,observations_closed_ref_greengenes,observations_closed_ref_silva,observations_open_ref_greengenes,observations_deblur_90bp,observations_deblur_100bp,observations_deblur_150bp,emp_release1,qc_filtered,subset_10k,subset_5k,subset_2k,sample_taxid,sample_scientific_name,host_taxid,host_common_name_provided,host_common_name,host_scientific_name,host_superkingdom,host_kingdom,host_phylum,host_class,host_order,host_family,host_genus,host_species,collection_timestamp,country,latitude_deg,longitude_deg,depth_m,altitude_m,elevation_m,env_biome,env_feature,env_material,envo_biome_0,envo_biome_1,envo_biome_2,envo_biome_3,envo_biome_4,envo_biome_5,empo_0,empo_1,empo_2,empo_3,adiv_observed_otus,adiv_chao1,adiv_shannon,adiv_faith_pd,temperature_deg_c,ph,salinity_psu,oxygen_mg_per_l,phosphate_umol_per_l,ammonium_umol_per_l,nitrate_umol_per_l,sulfate_umol_per_l
1883.2008.491.Crump.Artic.LTREB.main.lane3.NoIndex,GTGTTCCCAGAA,GTGCCAGCMGCCGCGGTAA,lake water,XXQIITAXX,1883,Microbial diversity in arctic freshwaters is structured by inoculation of microbes from soils,Byron Crump,10.1038/ismej.2012.9,ERP017459,16S rRNA,V4,FWD:GTGCCAGCMGCCGCGGTAA; REV:GGACTACHVGGGTWTCTAAT,HiSeq,ANL-Chicago,CCME,2/1/14,138,24,6.0,6.0,23.0,2.0,2.0,0.0,True,False,False,False,False,449393,freshwater metagenome,,,,,,,,,,,,,2008-01-01,GAZ:United States of America,68.625966,-149.599022,5.0,0.0,719.0,Small lake biome,freshwater habitat,fresh water,biome,aquatic biome,freshwater biome,freshwater lake biome,Small lake biome,,EMP sample,Free-living,Non-saline,Water (non-saline),,,,,,,,,,,,
550.L1S1.s.1.sequence,AACGCACGCTAG,GTGCCAGCMGCCGCGGTAA,sample_1 stool,F4,550,Moving pictures of the human microbiome,Rob Knight,10.1186/gb-2011-12-5-r50,ERP021896,16S rRNA,V4,FWD:GTGCCAGCMGCCGCGGTAA; REV:GGACTACHVGGGTWTCTAAT,HiSeq,CCME-Boulder,CGS-GL,8/27/10,132,28145,27583.0,27714.0,28070.0,19026.0,18246.0,2227.0,True,True,False,False,False,408170,human gut metagenome,9606.0,human,human,Homo sapiens,sk__Eukaryota,k__Metazoa,p__Chordata,c__Mammalia,o__Primates,f__Hominidae,g__Homo,s__Homo_sapiens,2008-10-21,GAZ:United States of America,40.015,-105.271,0.0,0.0,1624.1,urban biome,human-associated habitat,feces,biome,terrestrial biome,anthropogenic terrestrial biome,dense settlement biome,urban biome,,EMP sample,Host-associated,Animal,Animal distal gut,84.0,94.5,4.24483096280907,13.6318042502985,,,,,,,,
940.P.11.Fecal,AACTGGAACCCT,GTGCCAGCMGCCGCGGTAA,P.11.Fecal fish metagenome,P.11,940,Microbiota of freshwater fish slime and gut from catostomids in Colorado water system,Se Jin Song,Missing: Not provided,ERP016495,16S rRNA,V4,FWD:GTGCCAGCMGCCGCGGTAA; REV:GGACTACHVGGGTWTCTAAT,HiSeq,CCME-Boulder,CCME,2/15/12,100,31655,27993.0,28695.0,31083.0,18205.0,16578.0,0.0,True,True,True,False,False,496924,fish metagenome,7969.0,Catostomus,,Catostomus,sk__Eukaryota,k__Metazoa,p__Chordata,c__Actinopteri,o__Cypriniformes,f__Catostomidae,g__Catostomus,s__,2011-10-07,GAZ:United States of America,39.1,-108.36,0.0,0.0,1427.1875,freshwater biome,animal-associated habitat,feces,biome,aquatic biome,freshwater biome,,,,EMP sample,Host-associated,Animal,Animal distal gut,384.0,539.1369863013698,5.853480255590212,38.49062498812652,,,,,,,,
963.Iguana.158.052511.SUR.vial.792,CAATGTAGACAC,GTGCCAGCMGCCGCGGTAA ,gut metagenome Iguana-158,Iguana-158,963,Intergenerational lizard lounges do not explain variation in the gut microbiomes of green iguanas,Beck Wehrle,Missing: Not provided,ERP016749,16S rRNA,V4,FWD:GTGCCAGCMGCCGCGGTAA; REV:GGACTACHVGGGTWTCTAAT,HiSeq,CCME-Boulder,CCME,8/28/12,100,196530,109001.0,110390.0,194325.0,123155.0,116504.0,0.0,True,True,True,False,False,749906,gut metagenome,8517.0,Green iguana,common iguana,Iguana iguana,sk__Eukaryota,k__Metazoa,p__Chordata,c__,o__Squamata,f__Iguanidae,g__Iguana,s__Iguana_iguana,2011-05-25,GAZ:Panama,9.187,-79.843,0.0,0.0,40.0,tropical moist broadleaf forest biome,animal-associated habitat,feces,biome,terrestrial biome,forest biome,broadleaf forest biome,tropical broadleaf forest biome,tropical moist broadleaf forest biome,EMP sample,Host-associated,Animal,Animal distal gut,154.0,185.05882352941177,5.088986613886316,23.161720774032997,,,,,,,,
1521.EB019.M.s.6.1.sequences,CATCGTATCAAC,GTGCCAGCMGCCGCGGTAA,soil metagenome EB019.M,,1521,Samples presented at EMP conference June 2011 Shenzhen,Rob Knight,Missing: Not provided,ERP023684,16S rRNA,V4,FWD:GTGCCAGCMGCCGCGGTAA; REV:GGACTACHVGGGTWTCTAAT,HiSeq,CCME-Boulder,CCME,5/20/11,90,175897,133813.0,138546.0,161575.0,106147.0,0.0,0.0,True,True,False,False,False,410658,soil metagenome,,,,,,,,,,,,,2006-01-10 00:00:00,GAZ:Antarctica,-77.72,162.31,2.5,0.0,152.84,tundra biome,tundra,soil,biome,terrestrial biome,tundra biome,,,,EMP sample,Free-living,Non-saline,Soil (non-saline),141.0,343.5,3.6430074418828977,25.1846362574402,,9.26,,,,,,
678.T.RFLP.Sample.780,ACATCAGGTCAC,GTGCCAGCMGCCGCGGTAA,Sediment DNA extracted from T-RFLP heterogeneity study,780,678,Bioturbating shrimp alter the structure and diversity of bacterial communities in coastal marine sediments,Bonnie Laverock,10.1038/ismej.2010.86,ERP017221,16S rRNA,V4,FWD:GTGCCAGCMGCCGCGGTAA; REV:GGACTACHVGGGTWTCTAAT,HiSeq,ANL-Chicago,ANL,11/3/10,143,52846,35510.0,37436.0,51546.0,21308.0,21860.0,9252.0,True,True,True,False,False,412755,marine sediment metagenome,,,,,,,,,,,,,2012-06-08,GAZ:England,50.338,-4.148,0.0,0.0,0.0,marine biome,neritic zone,marine sediment,biome,aquatic biome,marine biome,,,,EMP sample,Free-living,Saline,Sediment (saline),1087.0,1797.6331877729258,8.154919063644188,103.85721880273,,,,,,,,
2338.0702.2.M,CGATATCAGTAG,GTGCCAGCMGCCGCGGTAA,bat fecal sample,702.2,2338,"Microbiome of Seba's short-tailed bats, Carollia perspicillata",Susan Whitehead,Missing: Not provided,ERP016491,16S rRNA,V4,FWD:GTGCCAGCMGCCGCGGTAA; REV:GGACTACHVGGGTWTCTAAT,HiSeq,CCME-Boulder,CCME,4/18/14,100,690545,277103.0,277152.0,583071.0,209391.0,197526.0,0.0,True,True,False,False,False,1213622,bat metagenome,40233.0,Seba's short-tailed bat,Seba's short-tailed bat,Carollia perspicillata,sk__Eukaryota,k__Metazoa,p__Chordata,c__Mammalia,o__Chiroptera,f__Phyllostomidae,g__Carollia,s__Carollia_perspicillata,2013-07-05,GAZ:Costa Rica,9.75,-83.75,0.0,0.0,1403.74,tropical moist broadleaf forest biome,animal-associated habitat,feces,biome,terrestrial biome,forest biome,broadleaf forest biome,tropical broadleaf forest biome,tropical moist broadleaf forest biome,EMP sample,Host-associated,Animal,Animal distal gut,16.0,71.0,1.2843136765641976,4.60582364535,,,,,,,,
1774.99.Inte.Puer,TAGAGCTGCCAT,GGACTACHVGGGTWTCTAAT,99.Inte.Puer,18.Puer,1774,Puerto Rico and Plantanal samples for the western acculturation project,MG Dominguez-Bello,Missing: Not provided,ERP016472,16S rRNA,V4,FWD:GTGCCAGCMGCCGCGGTAA; REV:GGACTACHVGGGTWTCTAAT,HiSeq,CCME-Boulder,CCME,6/27/13,100,32076,29990.0,30499.0,31715.0,20214.0,19138.0,0.0,True,True,True,False,False,408170,human gut metagenome,9606.0,human,human,Homo sapiens,sk__Eukaryota,k__Metazoa,p__Chordata,c__Mammalia,o__Primates,f__Hominidae,g__Homo,s__Homo_sapiens,,GAZ:Puerto Rico,18.47,-66.11,0.0,0.0,7.79,urban biome,human-associated habitat,feces,biome,terrestrial biome,anthropogenic terrestrial biome,dense settlement biome,urban biome,,EMP sample,Host-associated,Animal,Animal distal gut,133.0,143.0,5.135349837574097,17.570888768348595,,,,,,,,
990.KA1U.B.15,TGCTACAGACGT,GTGCCAGCMGCCGCGGTAA,Block_1_Unfertilized_station_B_position_15 KA1U.B.15,KA1U.B.15,990,Spatial scale drives patterns in soil bacterial diversity,Dionysios Antonopoulos,10.1111/1462-2920.13231,ERP016752,16S rRNA,V4,FWD:GTGCCAGCMGCCGCGGTAA; REV:GGACTACHVGGGTWTCTAAT,HiSeq,ANL-Chicago,ANL,2012,151,118753,89056.0,94058.0,117083.0,60426.0,62155.0,47275.0,True,True,False,False,False,410658,soil metagenome,,,,,,,,,,,,,2010-11-19,GAZ:United States of America,41.841519,-88.230357,0.025,0.0,226.0,urban biome,field soil,soil,biome,terrestrial biome,anthropogenic terrestrial biome,dense settlement biome,urban biome,,EMP sample,Free-living,Non-saline,Soil (non-saline),1170.0,2076.030150753769,8.390788851852987,93.35895739173401,,,,,,,,
894.UY696.lane3.NoIndex.L003,AGGTACGCAATT,GGACTACHVGGGTWTCTAAT,Rabbit feces,UY696,894,Catchment sources of microbes,Robin Gasser,"10.1186/s13071-016-1607-1, 10.1016/j.watres.2012.12.027",ERP016405,16S rRNA,V4,FWD:GTGCCAGCMGCCGCGGTAA; REV:GGACTACHVGGGTWTCTAAT,HiSeq,ANL-Chicago,CCME,2/15/12,150,33634,30496.0,31190.0,33289.0,19737.0,16577.0,9009.0,True,True,False,False,False,749906,gut metagenome,9986.0,Rabbit,rabbit,Oryctolagus cuniculus,sk__Eukaryota,k__Metazoa,p__Chordata,c__Mammalia,o__Lagomorpha,f__Leporidae,g__Oryctolagus,s__Oryctolagus_cuniculus,2009-12-10,GAZ:Australia,-37.673563,145.89612,0.0,0.0,329.4906,Large river biome,animal-associated habitat,feces,biome,aquatic biome,freshwater biome,freshwater river biome,Large river biome,,EMP sample,Host-associated,Animal,Animal distal gut,146.0,164.9,4.936439953898881,12.717627341441007,,,,,,,,
2182.VHBBC0004,CTCTATTCCACC,GTGCCAGCMGCCGCGGTAA,Yunnan snub nosed monkey VHBBC0004,VHBBC0004,2182,Gut microbiota and health in wild and captive colobine primates,Vanessa Hale,"10.1016/j.gecco.2016.06.004,10.1016/j.mimet.2015.03.021,10.1016/j.mimet.2016.09.017",ERP016285,16S rRNA,V4,FWD:GTGCCAGCMGCCGCGGTAA; REV:GGACTACHVGGGTWTCTAAT,MiSeq,CCME-Boulder,CCME,2/14/14,151,47093,29233.0,30094.0,41006.0,25686.0,24703.0,21420.0,True,True,True,True,False,1441288,primate metagenome,61621.0,Yunnan snub nosed monkey,black snub-nosed monkey,Rhinopithecus bieti,sk__Eukaryota,k__Metazoa,p__Chordata,c__Mammalia,o__Primates,f__Cercopithecidae,g__Rhinopithecus,s__Rhinopithecus_bieti,2013-07-25,GAZ:China,39.72,116.34,0.0,0.0,43.38,urban biome,animal-associated habitat,feces,biome,terrestrial biome,anthropogenic terrestrial biome,dense settlement biome,urban biome,,EMP sample,Host-associated,Animal,Animal distal gut,309.0,356.66666666666674,6.597077539475997,37.773630688698695,,,,,,,,
1235.sp1017,GCCTGCAGTACT,GTGCCAGCMGCCGCGGTAA,"water sample M10_C152_T+5_f0,2",sp1017,1235,Ocean acidification shows negligible impacts on high-latitude bacterial community structure in coastal pelagic mesocosms,Julie LaRoche,10.5194/bg-10-555-2013,ERP016542,16S rRNA,V4,FWD:GTGCCAGCMGCCGCGGTAA; REV:GGACTACHVGGGTWTCTAAT,HiSeq,ANL-Chicago,ANL,2011,100,256446,231196.0,235415.0,255426.0,167668.0,159928.0,0.0,True,True,True,False,False,408172,marine metagenome,,,,,,,,,,,,,2010-06-12,GAZ:Norway,78.933,11.883,6.0,0.0,0.63,marine biome,fjord,sea water,biome,aquatic biome,marine biome,,,,EMP sample,Free-living,Saline,Water (saline),117.0,150.05555555555554,4.937620527154872,18.77876758354,,,,,,,,
1883.2011.51.Crump.Artic.LTREB.main.lane4.NoIndex,TTGTATGACAGG,GTGCCAGCMGCCGCGGTAA,marine sediment,XXQIITAXX,1883,Microbial diversity in arctic freshwaters is structured by inoculation of microbes from soils,Byron Crump,10.1038/ismej.2012.9,ERP017459,16S rRNA,V4,FWD:GTGCCAGCMGCCGCGGTAA; REV:GGACTACHVGGGTWTCTAAT,HiSeq,ANL-Chicago,CCME,2/1/14,138,14,0.0,0.0,14.0,0.0,0.0,0.0,True,False,False,False,False,412755,marine sediment metagenome,,,,,,,,,,,,,2011-01-01,GAZ:United States of America,69.95895,-142.49365,0.015,0.0,0.0,marine biome,marine feature,marine sediment,biome,aquatic biome,marine biome,,,,EMP sample,Free-living,Saline,Sediment (saline),,,,,4.9,,30.0,,,,,
894.YY1610.lane5.NoIndex.L005,GTTATGACGGAT,GGACTACHVGGGTWTCTAAT,Kangaroo feces,YY1610,894,Catchment sources of microbes,Robin Gasser,"10.1186/s13071-016-1607-1, 10.1016/j.watres.2012.12.027",ERP016405,16S rRNA,V4,FWD:GTGCCAGCMGCCGCGGTAA; REV:GGACTACHVGGGTWTCTAAT,HiSeq,ANL-Chicago,CCME,2/15/12,150,22715,13445.0,14130.0,22428.0,13480.0,13257.0,8929.0,True,True,False,False,False,749906,gut metagenome,9322.0,Kangaroo,kangaroo,Macropus sp.,sk__Eukaryota,k__Metazoa,p__Chordata,c__Mammalia,o__Diprotodontia,f__Macropodidae,g__Macropus,s__Macropus_sp.,2010-10-15,GAZ:Australia,-37.53966,145.139673,0.0,0.0,183.0036,Large river biome,animal-associated habitat,feces,biome,aquatic biome,freshwater biome,freshwater river biome,Large river biome,,EMP sample,Host-associated,Animal,Animal distal gut,397.0,420.5,7.321089913275218,43.78575794169099,,,,,,,,
1288.FBH02Oct07.McMahon.Pool.1.and.1percentPhiX.110310.HWUSI.EAS552R.0357.s.1.1.sequence,GCGTCATGCATC,GTGCCAGCMGCCGCGGTAA,freshwater metagenome FBH02Oct07,XXQIITAXX,1288,Bacterial community spatial and temporal variation in a north temperate bog lake,Katherine McMahon,Missing: Not provided,ERP016854,16S rRNA,V4,FWD:GTGCCAGCMGCCGCGGTAA; REV:GGACTACHVGGGTWTCTAAT,HiSeq,ANL-Chicago,ANL,3/10/11,150,58977,43506.0,43757.0,58619.0,37847.0,37382.0,25357.0,True,True,False,False,False,449393,freshwater metagenome,,,,,,,,,,,,,2007-10-02,GAZ:United States of America,37.09,-95.71,1.8,0.0,256.05,Small lake biome,freshwater lake,fresh water,biome,aquatic biome,freshwater biome,freshwater lake biome,Small lake biome,,EMP sample,Free-living,Non-saline,Water (non-saline),297.0,487.84210526315786,5.130340191515927,44.27157458409122,,,,,,,,
905.PLO6.t3.ANOX.0to1cm.3,ACCGGAGTAGGA,GTGCCAGCMGCCGCGGTAA,"Redox oscillation PL06; t=3, anox, 3",XXQIITAXX,905,Anaerobic ammonium-oxidizing bacteria in marine environments: widespread occurrence but low diversity,Stefan Hulth,10.1111/j.1462-2920.2007.01266.x*,ERP021691,16S rRNA,V4,FWD:GTGCCAGCMGCCGCGGTAA; REV:GGACTACHVGGGTWTCTAAT,HiSeq,ANL-Chicago,ANL,8/13/08,151,60574,43497.0,45754.0,58314.0,29532.0,29273.0,20980.0,True,True,True,True,True,412755,marine sediment metagenome,,,,,,,,,,,,,2006-06-01,GAZ:Sweden,58.322,11.534,118.0,0.0,3.94,marine biome,continental shelf,marine sediment,biome,aquatic biome,marine biome,,,,EMP sample,Free-living,Saline,Sediment (saline),595.0,899.5263157894738,7.024368081409067,57.288723533331975,6.0,7.8,32.0,,5.0,15.0,5.0,
1521.MZ.22b.blank.s.8.1.sequences,CGAGAGTTACGC,GTGCCAGCMGCCGCGGTAA,air metagenome MZ.22b.blank,,1521,Samples presented at EMP conference June 2011 Shenzhen,Rob Knight,Missing: Not provided,ERP023684,16S rRNA,V4,FWD:GTGCCAGCMGCCGCGGTAA; REV:GGACTACHVGGGTWTCTAAT,HiSeq,CCME-Boulder,CCME,5/20/11,90,113340,91677.0,92854.0,110860.0,62195.0,0.0,0.0,True,True,True,True,True,655179,air metagenome,,,,,,,,,,,,,,GAZ:Germany,50.01,8.23,0.0,,94.8,urban biome,city,air,biome,terrestrial biome,anthropogenic terrestrial biome,dense settlement biome,urban biome,,EMP sample,Free-living,Non-saline,Aerosol (non-saline),155.0,155.0,6.050133183321003,18.8327604734631,,,,,,,,
1034.ZKH2,GTAGGTGCTTAC,GTGCCAGCMGCCGCGGTAA,"soil metagenome, O",ZKH2,1034,Distinct microbial communities associated with buried soils in the Siberian tundra,Antje Gittel,10.1038/ismej.2013.219,ERP016735,16S rRNA,V4,FWD:GTGCCAGCMGCCGCGGTAA; REV:GGACTACHVGGGTWTCTAAT,HiSeq,ANL-Chicago,CCME,8/28/12,100,59861,53086.0,54222.0,59175.0,43715.0,41273.0,0.0,True,True,True,False,False,410658,soil metagenome,,,,,,,,,,,,,2011-08-10,GAZ:Greenland,74.46262,-20.54638,0.075,0.0,20.2,tundra biome,tundra,soil,biome,terrestrial biome,tundra biome,,,,EMP sample,Free-living,Non-saline,Soil (non-saline),117.0,120.33333333333331,6.207468021644031,17.525726073120097,,,,,,,,
1883.2006.118.Crump.Artic.LTREB.main.lane1.NoIndex,GTCGCCGTACAT,GTGCCAGCMGCCGCGGTAA,stream water,XXQIITAXX,1883,Microbial diversity in arctic freshwaters is structured by inoculation of microbes from soils,Byron Crump,10.1038/ismej.2012.9,ERP017459,16S rRNA,V4,FWD:GTGCCAGCMGCCGCGGTAA; REV:GGACTACHVGGGTWTCTAAT,HiSeq,ANL-Chicago,CCME,2/1/14,138,43,18.0,18.0,41.0,6.0,8.0,0.0,True,False,False,False,False,449393,freshwater metagenome,,,,,,,,,,,,,2006-01-01,GAZ:United States of America,69.630547,-148.645231,0.01,0.0,129.0,freshwater biome,freshwater habitat,fresh water,biome,aquatic biome,freshwater biome,,,,EMP sample,Free-living,Non-saline,Water (non-saline),,,,,10.1,7.8,,,,,,
1064.H.CV44,TCAGTCAGATGA,GTGCCAGCMGCCGCGGTAA,Complete Head,H-CV44,1064,Microbiome of honey bees from Puerto Rico,MG Dominguez-Bello,Missing: Not provided,ERP016607,16S rRNA,V4,FWD:GTGCCAGCMGCCGCGGTAA; REV:GGACTACHVGGGTWTCTAAT,MiSeq,ANL-Chicago,CCME,2013,151,16036,12727.0,13824.0,15284.0,10958.0,10684.0,9107.0,True,True,True,True,False,749906,gut metagenome,7460.0,honey bee,honey bee,Apis mellifera,sk__Eukaryota,k__Metazoa,p__Arthropoda,c__Insecta,o__Hymenoptera,f__Apidae,g__Apis,s__Apis_mellifera,,GAZ:Puerto Rico,18.22,-65.99,0.0,0.0,43.1,village biome,insecta-associated habitat,organic material,biome,terrestrial biome,anthropogenic terrestrial biome,village biome,,,EMP sample,Host-associated,Animal,Animal corpus,33.0,51.0,2.936770710565926,6.3740601313199985,,,,,,,,
1692.Soil.BE.PolygonC.Medium.Center.7.15.2012,GCGATATATCGC,GTGCCAGCMGCCGCGGTAA,Soil BE PolygonC Medium Center 7.15.2012soil metagenome,Soil_BE_PolygonC_Medium_Center_7.15.2012,1692,Friedman Alaska peat soils,Largus T. Angenent,10.3390/min3030318,ERP016927,16S rRNA,V4,FWD:GTGCCAGCMGCCGCGGTAA; REV:GGACTACHVGGGTWTCTAAT,HiSeq,ANL-Chicago,CCME,2/25/13,100,165742,132630.0,138709.0,163688.0,93526.0,91383.0,0.0,True,True,True,False,False,410658,soil metagenome,,,,,,,,,,,,,2012-07-15,GAZ:United States of America,71.296,-156.766,0.11,0.0,73.47,tundra biome,dry lake,soil,biome,terrestrial biome,tundra biome,,,,EMP sample,Free-living,Non-saline,Soil (non-saline),411.0,605.3809523809524,6.641875353739223,51.82997274544653,5.4,4.54,,,,,,
1632.E3H04.Knight16sV4.JuannaBirdEMP.NoIndex.L005.R1.001.sequences,GCGTTGCAAACT,GTGCCAGCMGCCGCGGTAA ,Bird Egg Shells  from nest Collalbanegra.ColTri.2,Collalbanegra.ColTri.2,1632,Bird eggshells from Spain,Juan M. Peralta-Sanchez,10.1111/j.1474-919X.2012.01256.x*,ERP016455,16S rRNA,V4,FWD:GTGCCAGCMGCCGCGGTAA; REV:GGACTACHVGGGTWTCTAAT,HiSeq,CCME-Boulder,CCME,8/28/12,100,164858,156238.0,156099.0,164331.0,110536.0,106236.0,0.0,True,True,False,False,False,410656,organismal metagenomes,391703.0,Black weathear,black wheatear,Oenanthe leucura,sk__Eukaryota,k__Metazoa,p__Chordata,c__Aves,o__Passeriformes,f__Muscicapidae,g__Oenanthe,s__Oenanthe_leucura,2007-05-05,GAZ:Spain,37.28771389,-3.002538889,0.0,0.0,1260.0,mediterranean shrubland biome,nest of bird,avian egg product,biome,terrestrial biome,shrubland biome,subtropical shrubland biome,mediterranean shrubland biome,,EMP sample,Host-associated,Animal,Animal surface,23.0,25.5,2.426412047994614,4.5032177540900005,,,,,,,,
1632.E4A02.Knight16sV4.JuannaBirdEMP.NoIndex.L005.R1.001.sequences,GATCATTCTCTC,GTGCCAGCMGCCGCGGTAA ,Bird Egg Shells  from nest Urraca.cc24a,Urraca.cc24a,1632,Bird eggshells from Spain,Juan M. Peralta-Sanchez,10.1111/j.1474-919X.2012.01256.x*,ERP016455,16S rRNA,V4,FWD:GTGCCAGCMGCCGCGGTAA; REV:GGACTACHVGGGTWTCTAAT,HiSeq,CCME-Boulder,CCME,8/28/12,100,149956,143278.0,144397.0,149552.0,106352.0,102702.0,0.0,True,True,False,False,False,410656,organismal metagenomes,34924.0,Black-billed Magpie,Common magpie,Pica pica,sk__Eukaryota,k__Metazoa,p__Chordata,c__Aves,o__Passeriformes,f__Corvidae,g__Pica,s__Pica_pica,2007-05-16,GAZ:Spain,37.28454722,-2.985819444,0.0,0.0,1310.0,mediterranean shrubland biome,nest of bird,avian egg product,biome,terrestrial biome,shrubland biome,subtropical shrubland biome,mediterranean shrubland biome,,EMP sample,Host-associated,Animal,Animal surface,28.0,28.0,2.2117957894208957,5.2975096976585,,,,,,,,
2182.VHPBC0026,AAGGGCGCTGAA,GTGCCAGCMGCCGCGGTAA,Guizhou snub-nosed monkey VHPBC0026,G043,2182,Gut microbiota and health in wild and captive colobine primates,Vanessa Hale,"10.1016/j.gecco.2016.06.004,10.1016/j.mimet.2015.03.021,10.1016/j.mimet.2016.09.017",ERP016285,16S rRNA,V4,FWD:GTGCCAGCMGCCGCGGTAA; REV:GGACTACHVGGGTWTCTAAT,MiSeq,CCME-Boulder,CCME,2/14/14,151,20747,11885.0,12539.0,18558.0,11031.0,10840.0,9393.0,True,True,True,False,False,1441288,primate metagenome,224329.0,Guizhou snub-nosed monkey,Gray snub-nosed monkey,Rhinopithecus brelichi,sk__Eukaryota,k__Metazoa,p__Chordata,c__Mammalia,o__Primates,f__Cercopithecidae,g__Rhinopithecus,s__Rhinopithecus_brelichi,2013-07-22,GAZ:China,27.4986,108.4474,0.0,0.0,1065.77,anthropogenic terrestrial biome,animal-associated habitat,feces,biome,terrestrial biome,anthropogenic terrestrial biome,,,,EMP sample,Host-associated,Animal,Animal distal gut,272.0,293.57894736842104,6.722089749327494,31.3390266945613,,,,,,,,
945.P11.E8.lane3.NoIndex.L003,AGTTACGAGCTA,GTGCCAGCMGCCGCGGTAA,"freshwater metagenome, Lake Tiefwaren",P11.E8,945,Long-term seasonal development in selected lakes of northeast Germany,Hans-Peter Grossart,Missing: Not provided,ERP022245,16S rRNA,V4,FWD:GTGCCAGCMGCCGCGGTAA; REV:GGACTACHVGGGTWTCTAAT,HiSeq,ANL-Chicago,CCME,2012,150,28681,26349.0,26520.0,28403.0,16185.0,13336.0,6071.0,True,True,False,False,False,449393,freshwater metagenome,,,,,,,,,,,,,2008-02-20,GAZ:Germany,53.517,12.7,5.0,0.0,78.28,Large lake biome,freshwater lake,fresh water,biome,aquatic biome,freshwater biome,freshwater lake biome,Large lake biome,,EMP sample,Free-living,Non-saline,Water (non-saline),83.0,100.5,3.5961385445543645,14.3476875612985,3.0,8.45,,13.1,,,,
1883.2007.047.Crump.Artic.LTREB.main.lane1.NoIndex,AGCATGTCCCGT,GTGCCAGCMGCCGCGGTAA,lake water,XXQIITAXX,1883,Microbial diversity in arctic freshwaters is structured by inoculation of microbes from soils,Byron Crump,10.1038/ismej.2012.9,ERP017459,16S rRNA,V4,FWD:GTGCCAGCMGCCGCGGTAA; REV:GGACTACHVGGGTWTCTAAT,HiSeq,ANL-Chicago,CCME,2/1/14,138,91438,61705.0,65080.0,90151.0,54332.0,54866.0,549.0,True,True,False,False,False,449393,freshwater metagenome,,,,,,,,,,,,,2007-01-01,GAZ:United States of America,68.49592,-149.60205,0.01,0.0,938.0,Small lake biome,freshwater habitat,fresh water,biome,aquatic biome,freshwater biome,freshwater lake biome,Small lake biome,,EMP sample,Free-living,Non-saline,Water (non-saline),362.0,649.3,6.354276219080697,45.705922930590205,15.7,9.7,,,,,0.0,
990.KA2F.A.04,AGCTTCGACAGT,GTGCCAGCMGCCGCGGTAA,Block_2_Fertilized_station_A_position_4 KA2F.A.04,KA2F.A.04,990,Spatial scale drives patterns in soil bacterial diversity,Dionysios Antonopoulos,10.1111/1462-2920.13231,ERP016752,16S rRNA,V4,FWD:GTGCCAGCMGCCGCGGTAA; REV:GGACTACHVGGGTWTCTAAT,HiSeq,ANL-Chicago,ANL,2012,151,110235,78793.0,83253.0,108380.0,54172.0,55330.0,42044.0,True,True,False,False,False,410658,soil metagenome,,,,,,,,,,,,,2010-11-19,GAZ:United States of America,41.841116,-88.230357,0.025,0.0,226.0,urban biome,field soil,soil,biome,terrestrial biome,anthropogenic terrestrial biome,dense settlement biome,urban biome,,EMP sample,Free-living,Non-saline,Soil (non-saline),1102.0,1913.159420289855,7.939922600618861,92.02931800027501,,,,,,,,
1883.2010.048.Crump.Artic.LTREB.main.lane3.NoIndex,TAAGACTACTGG,GTGCCAGCMGCCGCGGTAA,stream water,XXQIITAXX,1883,Microbial diversity in arctic freshwaters is structured by inoculation of microbes from soils,Byron Crump,10.1038/ismej.2012.9,ERP017459,16S rRNA,V4,FWD:GTGCCAGCMGCCGCGGTAA; REV:GGACTACHVGGGTWTCTAAT,HiSeq,ANL-Chicago,CCME,2/1/14,138,10,0.0,0.0,10.0,0.0,0.0,0.0,True,False,False,False,False,449393,freshwater metagenome,,,,,,,,,,,,,2010-01-01,GAZ:United States of America,68.54761183,-149.5218472,0.01,0.0,842.0,freshwater biome,freshwater habitat,fresh water,biome,aquatic biome,freshwater biome,,,,EMP sample,Free-living,Non-saline,Water (non-saline),,,,,5.1,6.3,,,,,,
1235.sp1376,TTCTGGTCTTGT,GTGCCAGCMGCCGCGGTAA,"water sample M2_C268,4_T+7_f0,2",sp1376,1235,Ocean acidification shows negligible impacts on high-latitude bacterial community structure in coastal pelagic mesocosms,Julie LaRoche,10.5194/bg-10-555-2013,ERP016542,16S rRNA,V4,FWD:GTGCCAGCMGCCGCGGTAA; REV:GGACTACHVGGGTWTCTAAT,HiSeq,ANL-Chicago,ANL,2011,100,419144,388499.0,393881.0,418096.0,278171.0,268828.0,0.0,True,True,True,False,False,408172,marine metagenome,,,,,,,,,,,,,2010-06-14,GAZ:Norway,78.933,11.883,6.0,0.0,0.63,marine biome,fjord,sea water,biome,aquatic biome,marine biome,,,,EMP sample,Free-living,Saline,Water (saline),109.0,128.0,4.8921578630660685,15.92624762423,,,,,,,,
945.P9.F7.lane3.NoIndex.L003,TATAGGCTCCGC,GTGCCAGCMGCCGCGGTAA,"freshwater metagenome, Lake Melzer",P9.F7,945,Long-term seasonal development in selected lakes of northeast Germany,Hans-Peter Grossart,Missing: Not provided,ERP022245,16S rRNA,V4,FWD:GTGCCAGCMGCCGCGGTAA; REV:GGACTACHVGGGTWTCTAAT,HiSeq,ANL-Chicago,CCME,2012,150,25225,21392.0,21876.0,24456.0,12002.0,10421.0,5569.0,True,True,False,False,False,449393,freshwater metagenome,,,,,,,,,,,,,2008-01-29,GAZ:Germany,53.517,12.7,0.5,0.0,78.28,Large lake biome,freshwater lake,fresh water,biome,aquatic biome,freshwater biome,freshwater lake biome,Large lake biome,,EMP sample,Free-living,Non-saline,Water (non-saline),325.0,384.71428571428567,6.349670941326993,28.604953702987093,4.0,8.12,,12.3,,,,
2229.S1.T13.PH1.Thomas.CMB.Seaweed.lane6.NoIndex.L006,GTTGGTTGGCAT,GTGCCAGCMGCCGCGGTAA,DNA from surface swab of Phyllospora comosa macro algae,UNSWS1 T13 PH113A7,2229,"Continental-scale variation in seaweed host-associated bacterial communities is a function of host condition, not geography",Torsten Thomas,10.1111/1462-2920.12972,ERP021895,16S rRNA,V4,FWD:GTGCCAGCMGCCGCGGTAA; REV:GGACTACHVGGGTWTCTAAT,HiSeq,ANL-Chicago,ANL,3/1/14,145,100266,34943.0,38950.0,99672.0,68652.0,68151.0,30470.0,True,True,True,False,False,1300146,algae metagenome,112068.0,kelp,,Phyllospora comosa,sk__Eukaryota,k__,p__Phaeophyceae,c__,o__Fucales,f__Seirococcaceae,g__Phyllospora,s__Phyllospora_comosa,2012-02-07,GAZ:Australia,-43.4257,147.0232,0.125,0.0,0.0,marine biome,kelp forest,organic material,biome,aquatic biome,marine biome,,,,EMP sample,Host-associated,Plant,Plant surface,71.0,86.54545454545455,3.2901502524352084,11.56008584497,18.0,,,,,,,
755.SSFA.L2.D30.19.07.11.lane1.NoIndex.L001,CGGTAGTTGATC,GTGCCAGCMGCCGCGGTAA ,samples of sand from slow_sand filter water purification system,XXQIITAXX,755,Replicating the microbial community and water quality performance of full-scale slow sand filters in laboratory-scale filters,Sarah Haig,10.1016/j.watres.2014.05.008,ERP020510,16S rRNA,V4,FWD:GTGCCAGCMGCCGCGGTAA; REV:GGACTACHVGGGTWTCTAAT,HiSeq,ANL-Chicago,ANL,2013,150,70219,43934.0,47284.0,69240.0,39487.0,40057.0,28009.0,True,True,False,False,False,718308,biofilm metagenome,,,,,,,,,,,,,2011-07-19,GAZ:Scotland,55.906,-3.204,0.3,0.0,175.0,urban biome,biofilter,sand,biome,terrestrial biome,anthropogenic terrestrial biome,dense settlement biome,urban biome,,EMP sample,Free-living,Non-saline,Soil (non-saline),1172.0,1839.5232067510549,8.578417709285612,110.239842091855,21.0,,,,,,,
550.L3S129.s.3.sequence,GCTTGCGAGACA,GTGCCAGCMGCCGCGGTAA,sample_780 sebum,M3,550,Moving pictures of the human microbiome,Rob Knight,10.1186/gb-2011-12-5-r50,ERP021896,16S rRNA,V4,FWD:GTGCCAGCMGCCGCGGTAA; REV:GGACTACHVGGGTWTCTAAT,HiSeq,CCME-Boulder,CGS-GL,8/27/10,132,4383,4291.0,4313.0,4371.0,2912.0,2839.0,243.0,True,False,False,False,False,539655,human skin metagenome,9606.0,human,human,Homo sapiens,sk__Eukaryota,k__Metazoa,p__Chordata,c__Mammalia,o__Primates,f__Hominidae,g__Homo,s__Homo_sapiens,2009-08-31,GAZ:United States of America,40.015,-105.271,0.0,0.0,1624.1,urban biome,human-associated habitat,sebum,biome,terrestrial biome,anthropogenic terrestrial biome,dense settlement biome,urban biome,,EMP sample,Host-associated,Animal,Animal surface,,,,,,,,,,,,
1665.IFAW12.016Dd,TGTGAATTCGGA,GTGCCAGCMGCCGCGGTAA,IFAW12.016Dd skin microbiome of Delphinus delphis (short.beaked common dolphin),IFAW12.016Dd,1665,Co-diversification of marine mammals and their skin microbiomes,Amy Apprill,10.1371/journal.pone.0090785*,ERP016924,16S rRNA,V4,FWD:GTGCCAGCMGCCGCGGTAA; REV:GGACTACHVGGGTWTCTAAT,HiSeq,CCME-Boulder,CCME,4/15/14,100,89115,8424.0,8434.0,75615.0,6025.0,5883.0,0.0,True,True,False,False,False,1338477,skin metagenome,9728.0,Short beaked common common dolphin,saddleback dolphin,Delphinus delphis,sk__Eukaryota,k__Metazoa,p__Chordata,c__Mammalia,o__Cetacea,f__Delphinidae,g__Delphinus,s__Delphinus_delphis,2012-01-14,GAZ:United States of America,41.93131,-70.04829,0.0,0.0,8.682806015,marine biome,animal-associated habitat,mucus,biome,aquatic biome,marine biome,,,,EMP sample,Host-associated,Animal,Animal surface,16.0,16.0,2.557670628009412,4.732635026830098,,,,,,,,
1642.MS00629,TGGCCGTTACTG,GTGCCAGCMGCCGCGGTAA,rhizosphere W106,MS00629,1642,Microbial community of the bulk soil and rhizosphere of rice plants over its lifecycle,Jose Clemente,Missing: Not provided,ERP016900,16S rRNA,V4,FWD:GTGCCAGCMGCCGCGGTAA; REV:GGACTACHVGGGTWTCTAAT,HiSeq,NIG-Japan,CCME,12/17/12,100,111335,82417.0,85912.0,109559.0,47611.0,47867.0,0.0,True,True,True,False,False,939928,rhizosphere metagenome,4530.0,rice,rice,Oryza sativa,sk__Eukaryota,k__Viridiplantae,p__Streptophyta,c__Liliopsida,o__Poales,f__Poaceae,g__Oryza,s__Oryza_sativa,2011-08-24,GAZ:Japan,35.117,138.937,,0.0,60.0,cropland biome,rice field,rhizosphere,biome,terrestrial biome,anthropogenic terrestrial biome,cropland biome,,,EMP sample,Host-associated,Plant,Plant rhizosphere,1948.0,3652.0758426966295,10.169211908289371,165.12002458640052,,,,,,,,
550.L2S262.s.2.sequence,CACTGTAGGACG,GTGCCAGCMGCCGCGGTAA,sample_554 sebum,M3,550,Moving pictures of the human microbiome,Rob Knight,10.1186/gb-2011-12-5-r50,ERP021896,16S rRNA,V4,FWD:GTGCCAGCMGCCGCGGTAA; REV:GGACTACHVGGGTWTCTAAT,HiSeq,CCME-Boulder,CGS-GL,8/27/10,132,16190,15706.0,15824.0,16140.0,10936.0,10894.0,667.0,True,True,False,False,False,539655,human skin metagenome,9606.0,human,human,Homo sapiens,sk__Eukaryota,k__Metazoa,p__Chordata,c__Mammalia,o__Primates,f__Hominidae,g__Homo,s__Homo_sapiens,2008-11-19,GAZ:United States of America,40.015,-105.271,0.0,0.0,1624.1,urban biome,human-associated habitat,sebum,biome,terrestrial biome,anthropogenic terrestrial biome,dense settlement biome,urban biome,,EMP sample,Host-associated,Animal,Animal surface,393.0,494.64516129032256,5.922850335132376,40.694404690953185,,,,,,,,
2192.H05b.Kitchen.Counter.2689.lane5.NoIndex.L005,GATTTAGAGGCT,GT,H05b.Kitchen_Counter,,2192,Longitudinal analysis of microbial interaction between humans and the indoor environment,Jack Gilbert,10.1126/science.1254529,ERP005806,16S rRNA,V4,FWD:GTGCCAGCMGCCGCGGTAA; REV:GGACTACHVGGGTWTCTAAT,HiSeq,ANL-Chicago,ANL,unknown,151,99589,97011.0,97265.0,99215.0,61326.0,60908.0,52299.0,True,True,True,False,False,1256227,indoor metagenome,,human,,,,,,,,,,,2012-02-22,GAZ:United States of America,41.88,-87.63,0.0,0.0,181.32,urban biome,anthropogenic environmental material,dust,biome,terrestrial biome,anthropogenic terrestrial biome,dense settlement biome,urban biome,,EMP sample,Free-living,Non-saline,Surface (non-saline),309.0,498.22222222222223,5.5091335317274055,34.49565020672309,,,,,,,,
550.L6S71.s.6.sequence,GCGAGATCCAGT,GTGCCAGCMGCCGCGGTAA,sample_1940 saliva,M3,550,Moving pictures of the human microbiome,Rob Knight,10.1186/gb-2011-12-5-r50,ERP021896,16S rRNA,V4,FWD:GTGCCAGCMGCCGCGGTAA; REV:GGACTACHVGGGTWTCTAAT,HiSeq,CCME-Boulder,CGS-GL,8/27/10,132,29752,28806.0,29233.0,29734.0,22864.0,22415.0,3305.0,True,True,True,False,False,447426,human oral metagenome,9606.0,human,human,Homo sapiens,sk__Eukaryota,k__Metazoa,p__Chordata,c__Mammalia,o__Primates,f__Hominidae,g__Homo,s__Homo_sapiens,2009-03-20,GAZ:United States of America,40.015,-105.271,0.0,0.0,1624.1,urban biome,human-associated habitat,saliva,biome,terrestrial biome,anthropogenic terrestrial biome,dense settlement biome,urban biome,,EMP sample,Host-associated,Animal,Animal secretion,64.0,70.0,4.329194596264228,12.295248690890002,,,,,,,,
2229.W1.T22.PH2.Thomas.CMB.Seaweed.lane6.NoIndex.L006,GCGGAAACATGG,GTGCCAGCMGCCGCGGTAA,DNA from surface swab of Phyllospora comosa macro algae,UNSWW1 T22 PH29H9,2229,"Continental-scale variation in seaweed host-associated bacterial communities is a function of host condition, not geography",Torsten Thomas,10.1111/1462-2920.12972,ERP021895,16S rRNA,V4,FWD:GTGCCAGCMGCCGCGGTAA; REV:GGACTACHVGGGTWTCTAAT,HiSeq,ANL-Chicago,ANL,3/1/14,145,94574,53814.0,59391.0,93149.0,57253.0,56914.0,23495.0,True,True,True,True,True,1300146,algae metagenome,112068.0,kelp,,Phyllospora comosa,sk__Eukaryota,k__,p__Phaeophyceae,c__,o__Fucales,f__Seirococcaceae,g__Phyllospora,s__Phyllospora_comosa,2011-08-31,GAZ:Australia,-43.1234,147.9758,0.106,0.0,0.0,marine biome,kelp forest,organic material,biome,aquatic biome,marine biome,,,,EMP sample,Host-associated,Plant,Plant surface,205.0,251.40625,4.956034136044961,26.794793054225,20.2,,,,,,,
550.L4S167.s.4.sequence,GCGAGATCCAGT,GTGCCAGCMGCCGCGGTAA,sample_1186 sebum,M3,550,Moving pictures of the human microbiome,Rob Knight,10.1186/gb-2011-12-5-r50,ERP021896,16S rRNA,V4,FWD:GTGCCAGCMGCCGCGGTAA; REV:GGACTACHVGGGTWTCTAAT,HiSeq,CCME-Boulder,CGS-GL,8/27/10,132,38452,37876.0,38061.0,38407.0,27825.0,27481.0,3523.0,True,True,False,False,False,539655,human skin metagenome,9606.0,human,human,Homo sapiens,sk__Eukaryota,k__Metazoa,p__Chordata,c__Mammalia,o__Primates,f__Hominidae,g__Homo,s__Homo_sapiens,2009-05-14,GAZ:United States of America,40.015,-105.271,0.0,0.0,1624.1,urban biome,human-associated habitat,sebum,biome,terrestrial biome,anthropogenic terrestrial biome,dense settlement biome,urban biome,,EMP sample,Host-associated,Animal,Animal surface,255.0,348.19607843137254,5.125986207323193,26.770323705080205,,,,,,,,
894.UY899.lane3.NoIndex.L003,GCGTCCATGAAT,GGACTACHVGGGTWTCTAAT,Sambar deer feces,UY899,894,Catchment sources of microbes,Robin Gasser,"10.1186/s13071-016-1607-1, 10.1016/j.watres.2012.12.027",ERP016405,16S rRNA,V4,FWD:GTGCCAGCMGCCGCGGTAA; REV:GGACTACHVGGGTWTCTAAT,HiSeq,ANL-Chicago,CCME,2/15/12,150,51,44.0,45.0,51.0,8.0,4.0,0.0,True,False,False,False,False,749906,gut metagenome,662561.0,Sambar deer,Sambar,Rusa unicolor,sk__Eukaryota,k__Metazoa,p__Chordata,c__Mammalia,o__,f__Cervidae,g__Rusa,s__Rusa_unicolor,2010-02-10,GAZ:Australia,-37.673563,145.89612,0.0,0.0,329.4906,Large river biome,animal-associated habitat,feces,biome,aquatic biome,freshwater biome,freshwater river biome,Large river biome,,EMP sample,Host-associated,Animal,Animal distal gut,,,,,,,,,,,,
1774.449.Skin.Puer,CCTGCTTCCTTC,GGACTACHVGGGTWTCTAAT,449.Skin.Puer,82.Puer,1774,Puerto Rico and Plantanal samples for the western acculturation project,MG Dominguez-Bello,Missing: Not provided,ERP016472,16S rRNA,V4,FWD:GTGCCAGCMGCCGCGGTAA; REV:GGACTACHVGGGTWTCTAAT,HiSeq,CCME-Boulder,CCME,6/27/13,100,15,1.0,1.0,14.0,0.0,0.0,0.0,True,False,False,False,False,539655,human skin metagenome,9606.0,human,human,Homo sapiens,sk__Eukaryota,k__Metazoa,p__Chordata,c__Mammalia,o__Primates,f__Hominidae,g__Homo,s__Homo_sapiens,,GAZ:Puerto Rico,18.47,-66.11,0.0,0.0,7.79,urban biome,human-associated habitat,sebum,biome,terrestrial biome,anthropogenic terrestrial biome,dense settlement biome,urban biome,,EMP sample,Host-associated,Animal,Animal surface,,,,,,,,,,,,
940.CR.31.Gill,TTGGCGGGTTAT,GTGCCAGCMGCCGCGGTAA,CR.31.Gill fish metagenome,CR.31,940,Microbiota of freshwater fish slime and gut from catostomids in Colorado water system,Se Jin Song,Missing: Not provided,ERP016495,16S rRNA,V4,FWD:GTGCCAGCMGCCGCGGTAA; REV:GGACTACHVGGGTWTCTAAT,HiSeq,CCME-Boulder,CCME,2/15/12,100,28821,27979.0,28051.0,28644.0,19150.0,18443.0,0.0,True,True,False,False,False,496924,fish metagenome,7998.0,Channel_catfish,channel catfish,Ictalurus punctatus,sk__Eukaryota,k__Metazoa,p__Chordata,c__Actinopteri,o__Siluriformes,f__Ictaluridae,g__Ictalurus,s__Ictalurus_punctatus,2011-10-07,GAZ:United States of America,39.1,-108.36,0.0,0.0,1427.1875,freshwater biome,animal-associated habitat,mucus,biome,aquatic biome,freshwater biome,,,,EMP sample,Host-associated,Animal,Animal surface,65.0,66.42857142857143,3.0885976767516587,10.820348634799998,,,,,,,,
1696.FTA.D.12b,CCAAACTCGTCG,GTGCCAGCMGCCGCGGTAA,Spider monkey feces,FTA -D-28,1696,Gut microbiota and health in wild and captive colobine primates,Vanessa Hale,"10.1016/j.gecco.2016.06.004,10.1016/j.mimet.2015.03.021",ERP016329,16S rRNA,V4,FWD:GTGCCAGCMGCCGCGGTAA; REV:GGACTACHVGGGTWTCTAAT,HiSeq,CCME-Boulder,CCME,6/27/13,100,42048,36693.0,37091.0,41442.0,20520.0,22288.0,0.0,True,True,False,False,False,410656,organismal metagenomes,9509.0,Spider monkey,black-handed spider monkey,Ateles geoffroyi,sk__Eukaryota,k__Metazoa,p__Chordata,c__Mammalia,o__Primates,f__Atelidae,g__Ateles,s__Ateles_geoffroyi,2012-11-10,GAZ:United States of America,40.417,86.875,0.0,0.0,938.168,urban biome,animal-associated habitat,feces,biome,terrestrial biome,anthropogenic terrestrial biome,dense settlement biome,urban biome,,EMP sample,Host-associated,Animal,Animal distal gut,313.0,374.13207547169816,5.783564801022052,32.654526866042,,,,,,,,
1642.MS00113,ACCAGTGACTCA,GTGCCAGCMGCCGCGGTAA,Bulk soil W1514,MS00113,1642,Microbial community of the bulk soil and rhizosphere of rice plants over its lifecycle,Jose Clemente,Missing: Not provided,ERP016900,16S rRNA,V4,FWD:GTGCCAGCMGCCGCGGTAA; REV:GGACTACHVGGGTWTCTAAT,HiSeq,NIG-Japan,CCME,12/17/12,100,109394,79358.0,82565.0,107765.0,46783.0,47386.0,0.0,True,True,False,False,False,410658,soil metagenome,4530.0,rice,rice,Oryza sativa,sk__Eukaryota,k__Viridiplantae,p__Streptophyta,c__Liliopsida,o__Poales,f__Poaceae,g__Oryza,s__Oryza_sativa,2011-06-29,GAZ:Japan,35.117,138.937,,0.0,60.0,cropland biome,alluvial paddy field soil,soil,biome,terrestrial biome,anthropogenic terrestrial biome,cropland biome,,,EMP sample,Free-living,Non-saline,Soil (non-saline),1891.0,3481.890207715133,10.169230600532408,161.05915910021798,,,,,,,,
1734.LD.NBS1073B,CGGAGTAATCCT,GTGCCAGCMGCCGCGGTAA,LD.NBS1073B,NBS1073B,1734,Gut microbiota of phyllostomid bats that span a breadth of diets,Liliana Davalos,Missing: Not provided,ERP016131,16S rRNA,V4,FWD:GTGCCAGCMGCCGCGGTAA; REV:GGACTACHVGGGTWTCTAAT,HiSeq,CCME-Boulder,CCME,12/7/2012,100,92279,90207.0,90256.0,91968.0,74707.0,72948.0,0.0,True,True,True,False,False,749906,gut metagenome,94956.0,Davy s Naked-backed Bat,Davy's naked-backed bat,Pteronotus davyi,sk__Eukaryota,k__Metazoa,p__Chordata,c__Mammalia,o__Chiroptera,f__Mormoopidae,g__Pteronotus,s__Pteronotus_davyi,2012-04-27,GAZ:Belize,17.746,-88.065,0.0,0.0,36.0,tropical broadleaf forest biome,animal-associated habitat,feces,biome,terrestrial biome,forest biome,broadleaf forest biome,tropical broadleaf forest biome,,EMP sample,Host-associated,Animal,Animal distal gut,25.0,34.0,0.4919288038250316,6.650697984928501,,,,,,,,
2192.H05b.Bedroom.Floor.2668.lane5.NoIndex.L005,TCTCGCACTGGA,GT,H05b.unknown,,2192,Longitudinal analysis of microbial interaction between humans and the indoor environment,Jack Gilbert,10.1126/science.1254529,ERP005806,16S rRNA,V4,FWD:GTGCCAGCMGCCGCGGTAA; REV:GGACTACHVGGGTWTCTAAT,HiSeq,ANL-Chicago,ANL,unknown,151,78015,76957.0,76413.0,77857.0,42725.0,42178.0,48061.0,True,True,False,False,False,1256227,indoor metagenome,,human,,,,,,,,,,,2012-02-21,GAZ:United States of America,41.88,-87.63,0.0,0.0,181.32,urban biome,anthropogenic environmental material,dust,biome,terrestrial biome,anthropogenic terrestrial biome,dense settlement biome,urban biome,,EMP sample,Free-living,Non-saline,Surface (non-saline),188.0,241.46875,3.736175593838828,25.527671593930013,,,,,,,,
894.OS1944.lane2.NoIndex.L002,CCGCACTCAAGT,GGACTACHVGGGTWTCTAAT,Sambar deer feces,OS1944,894,Catchment sources of microbes,Robin Gasser,"10.1186/s13071-016-1607-1, 10.1016/j.watres.2012.12.027",ERP016405,16S rRNA,V4,FWD:GTGCCAGCMGCCGCGGTAA; REV:GGACTACHVGGGTWTCTAAT,HiSeq,ANL-Chicago,CCME,2/15/12,150,69313,52462.0,55016.0,68540.0,35434.0,37865.0,26404.0,True,True,False,False,False,749906,gut metagenome,662561.0,Sambar deer,Sambar,Rusa unicolor,sk__Eukaryota,k__Metazoa,p__Chordata,c__Mammalia,o__,f__Cervidae,g__Rusa,s__Rusa_unicolor,2011-06-03,GAZ:Australia,-37.708936,145.785023,0.0,0.0,246.4419,Large river biome,animal-associated habitat,feces,biome,aquatic biome,freshwater biome,freshwater river biome,Large river biome,,EMP sample,Host-associated,Animal,Animal distal gut,692.0,937.2748091603053,7.466069588169013,58.8299143102881,,,,,,,,
1288.WSBE21Aug07.McMahon.Pool.1.and.1percentPhiX.110310.HWUSI.EAS552R.0357.s.1.1.sequence,AGAGGAGTCGAC,GTGCCAGCMGCCGCGGTAA,freshwater metagenome WSBE21Aug07,XXQIITAXX,1288,Bacterial community spatial and temporal variation in a north temperate bog lake,Katherine McMahon,Missing: Not provided,ERP016854,16S rRNA,V4,FWD:GTGCCAGCMGCCGCGGTAA; REV:GGACTACHVGGGTWTCTAAT,HiSeq,ANL-Chicago,ANL,3/10/11,150,14531,8895.0,10610.0,14347.0,8788.0,8601.0,5724.0,True,True,False,False,False,449393,freshwater metagenome,,,,,,,,,,,,,2007-08-21,GAZ:United States of America,37.09,-95.71,0.9,0.0,256.05,Small lake biome,freshwater lake,fresh water,biome,aquatic biome,freshwater biome,freshwater lake biome,Small lake biome,,EMP sample,Free-living,Non-saline,Water (non-saline),331.0,393.35,6.406942046253321,40.65429551477721,20.18,,,,,,,
2229.W2.N2.6.HE1.Thomas.CMB.Seaweed.lane6.NoIndex.L006,TAGAGCTGCCAT,GTGCCAGCMGCCGCGGTAA,DNA from surface swab of Ecklonia radiata macro algae,UNSWW2 N2.6 HE112C9,2229,"Continental-scale variation in seaweed host-associated bacterial communities is a function of host condition, not geography",Torsten Thomas,10.1111/1462-2920.12972,ERP021895,16S rRNA,V4,FWD:GTGCCAGCMGCCGCGGTAA; REV:GGACTACHVGGGTWTCTAAT,HiSeq,ANL-Chicago,ANL,3/1/14,145,90134,56971.0,60138.0,89664.0,67523.0,67091.0,23502.0,True,True,True,False,False,1300146,algae metagenome,309355.0,kelp,,Ecklonia radiata,sk__Eukaryota,k__,p__Phaeophyceae,c__,o__Laminariales,f__Lessoniaceae,g__Ecklonia,s__Ecklonia_radiata,2011-10-06,GAZ:Australia,-35.859,150.1811,0.025,0.0,0.0,marine biome,kelp forest,organic material,biome,aquatic biome,marine biome,,,,EMP sample,Host-associated,Plant,Plant surface,71.0,113.27272727272728,2.774564576071787,11.811284384380002,12.99358065,,,,,,,
1883.2008.403.Crump.Artic.LTREB.main.lane2.NoIndex,GAACACTTTGGA,GTGCCAGCMGCCGCGGTAA,lake water,XXQIITAXX,1883,Microbial diversity in arctic freshwaters is structured by inoculation of microbes from soils,Byron Crump,10.1038/ismej.2012.9,ERP017459,16S rRNA,V4,FWD:GTGCCAGCMGCCGCGGTAA; REV:GGACTACHVGGGTWTCTAAT,HiSeq,ANL-Chicago,CCME,2/1/14,138,7,2.0,2.0,7.0,0.0,0.0,0.0,True,False,False,False,False,449393,freshwater metagenome,,,,,,,,,,,,,2008-01-01,GAZ:United States of America,,,,0.0,,Small lake biome,freshwater habitat,fresh water,biome,aquatic biome,freshwater biome,freshwater lake biome,Small lake biome,,EMP sample,Free-living,Non-saline,Water (non-saline),,,,,,,,,,,,
1453.45796SDZ4.H8.Pnem.stom,CATCATACGGGT,GTGCCAGCMGCCGCGGTAA,tubus 1,45796,1453,The gut microbiota distinguishes GI-healthy and -unhealthy captive colobineprimates,Rob Knight,10.1016/j.gecco.2016.06.004,ERP016286,16S rRNA,V4,FWD:GTGCCAGCMGCCGCGGTAA; REV:GGACTACHVGGGTWTCTAAT ,HiSeq,CCME-Boulder,CCME,2/14/12,100,51458,46231.0,46439.0,51050.0,27775.0,24847.0,0.0,True,True,True,True,True,749906,gut metagenome,54133.0,Northern Douc,Red shanked douc langur,Pygathrix nemaeus,sk__Eukaryota,k__Metazoa,p__Chordata,c__Mammalia,o__Primates,f__Cercopithecidae,g__Pygathrix,s__Pygathrix_nemaeus,2003-07-11,GAZ:United States of America,32.72,-117.16,0.0,0.0,18.57,urban biome,animal-associated habitat,organic material,biome,terrestrial biome,anthropogenic terrestrial biome,dense settlement biome,urban biome,,EMP sample,Host-associated,Animal,Animal proximal gut,113.0,134.66666666666666,4.386726631590938,17.176751591960002,,,,,,,,
550.L2S146.s.2.sequence,ACAGTTGCGCGA,GTGCCAGCMGCCGCGGTAA,sample_427 sebum,F4,550,Moving pictures of the human microbiome,Rob Knight,10.1186/gb-2011-12-5-r50,ERP021896,16S rRNA,V4,FWD:GTGCCAGCMGCCGCGGTAA; REV:GGACTACHVGGGTWTCTAAT,HiSeq,CCME-Boulder,CGS-GL,8/27/10,132,23674,20619.0,22094.0,23593.0,16220.0,16205.0,1490.0,True,True,False,False,False,539655,human skin metagenome,9606.0,human,human,Homo sapiens,sk__Eukaryota,k__Metazoa,p__Chordata,c__Mammalia,o__Primates,f__Hominidae,g__Homo,s__Homo_sapiens,2008-12-20,GAZ:United States of America,40.015,-105.271,0.0,0.0,1624.1,urban biome,human-associated habitat,sebum,biome,terrestrial biome,anthropogenic terrestrial biome,dense settlement biome,urban biome,,EMP sample,Host-associated,Animal,Animal surface,413.0,552.9512195121952,6.025804754544063,38.80552493680019,,,,,,,,
2229.S2.T1.4.FP5.Thomas.CMB.Seaweed.lane6.NoIndex.L006,GTTGTTCTGGGA,GTGCCAGCMGCCGCGGTAA,DNA from surface swab of Phyllospora comosa macro algae,UNSWS2-T1.4-FP58H4,2229,"Continental-scale variation in seaweed host-associated bacterial communities is a function of host condition, not geography",Torsten Thomas,10.1111/1462-2920.12972,ERP021895,16S rRNA,V4,FWD:GTGCCAGCMGCCGCGGTAA; REV:GGACTACHVGGGTWTCTAAT,HiSeq,ANL-Chicago,ANL,3/1/14,145,74528,40105.0,40032.0,74063.0,51130.0,50937.0,22586.0,True,True,True,False,False,1300146,algae metagenome,112068.0,kelp,,Phyllospora comosa,sk__Eukaryota,k__,p__Phaeophyceae,c__,o__Fucales,f__Seirococcaceae,g__Phyllospora,s__Phyllospora_comosa,2012-03-28,GAZ:Australia,-43.4077,147.0181,0.015,0.0,0.0,marine biome,kelp forest,organic material,biome,aquatic biome,marine biome,,,,EMP sample,Host-associated,Plant,Plant surface,83.0,145.0,3.153227000355553,13.781273978820002,12.39261667,,,,,,,
1799.66.N.SD.Pum6,GAGTCTTGGTAA,GGACTACHVGGGTWTCTAAT,Gut from a non-sleep deprived fly containing an RNAi construct for the pumilio gene,N_SD_Pum6,1799,Dominguez sleep-deprived flies,MG Dominguez-Bello,Missing: Not provided,ERP023686,16S rRNA,V4,FWD:GTGCCAGCMGCCGCGGTAA; REV:GGACTACHVGGGTWTCTAAT,MiSeq,ANL-Chicago,CCME,2013,151,48973,24112.0,26794.0,47883.0,34434.0,34690.0,31314.0,True,False,False,False,False,749906,gut metagenome,7227.0,fruit fly,fruit fly,Drosophila melanogaster,sk__Eukaryota,k__Metazoa,p__Arthropoda,c__Insecta,o__Diptera,f__Drosophilidae,g__Drosophila,s__Drosophila_melanogaster,2013-01-30,GAZ:Puerto Rico,18.22,-66.59,0.0,0.0,454.38,urban biome,insecta-associated habitat,organic material,biome,terrestrial biome,anthropogenic terrestrial biome,dense settlement biome,urban biome,,EMP sample,Host-associated,Animal,Animal corpus,92.0,93.5,5.446526274585537,13.642144746495994,,,,,,,,
2192.H07b.Kitchen.Light.Switch.4083.lane2.NoIndex.L002,TACCTGTGTCTT,GT,H07b.Kitchen_Light_Switch,,2192,Longitudinal analysis of microbial interaction between humans and the indoor environment,Jack Gilbert,10.1126/science.1254529,ERP005806,16S rRNA,V4,FWD:GTGCCAGCMGCCGCGGTAA; REV:GGACTACHVGGGTWTCTAAT,HiSeq,ANL-Chicago,ANL,unknown,151,90009,87540.0,87977.0,89759.0,73717.0,72528.0,61879.0,True,True,False,False,False,1256227,indoor metagenome,,human,,,,,,,,,,,2012-07-09,GAZ:United States of America,41.88,-87.63,0.0,0.0,181.32,urban biome,anthropogenic environmental material,dust,biome,terrestrial biome,anthropogenic terrestrial biome,dense settlement biome,urban biome,,EMP sample,Free-living,Non-saline,Surface (non-saline),40.0,59.125,2.8968109048671287,10.50251728893,,,,,,,,
1883.2004.015.Crump.Artic.LTREB.main.lane1.NoIndex,GGCATTAGTTGA,GTGCCAGCMGCCGCGGTAA,lake water,XXQIITAXX,1883,Microbial diversity in arctic freshwaters is structured by inoculation of microbes from soils,Byron Crump,10.1038/ismej.2012.9,ERP017459,16S rRNA,V4,FWD:GTGCCAGCMGCCGCGGTAA; REV:GGACTACHVGGGTWTCTAAT,HiSeq,ANL-Chicago,CCME,2/1/14,138,80661,64772.0,65569.0,79342.0,48570.0,47618.0,378.0,True,True,True,True,False,449393,freshwater metagenome,,,,,,,,,,,,,2004-01-01,GAZ:United States of America,68.587573,-149.590297,3.0,0.0,767.0,Small lake biome,freshwater habitat,fresh water,biome,aquatic biome,freshwater biome,freshwater lake biome,Small lake biome,,EMP sample,Free-living,Non-saline,Water (non-saline),301.0,387.3636363636364,6.528270959258436,39.6949389174861,2.16,6.1,,9.51,0.1,,4.53,2.9
1883.2009.266.Crump.Artic.LTREB.main.lane2.NoIndex,CGCACTACGCAT,GTGCCAGCMGCCGCGGTAA,stream epilithon top,XXQIITAXX,1883,Microbial diversity in arctic freshwaters is structured by inoculation of microbes from soils,Byron Crump,10.1038/ismej.2012.9,ERP017459,16S rRNA,V4,FWD:GTGCCAGCMGCCGCGGTAA; REV:GGACTACHVGGGTWTCTAAT,HiSeq,ANL-Chicago,CCME,2/1/14,138,50056,22400.0,29017.0,48291.0,25948.0,25138.0,135.0,True,True,True,False,False,718308,biofilm metagenome,,,,,,,,,,,,,2009-01-01,GAZ:United States of America,68.585839,-149.622223,0.0,0.0,805.0,freshwater biome,freshwater habitat,biofilm,biome,aquatic biome,freshwater biome,,,,EMP sample,Free-living,Non-saline,Surface (non-saline),350.0,606.6851851851852,5.644424560513937,37.2858487314981,,,,,,,,
894.OS454.lane3.NoIndex.L003,TACGTACGAAAC,GGACTACHVGGGTWTCTAAT,Wombat feces,OS454,894,Catchment sources of microbes,Robin Gasser,"10.1186/s13071-016-1607-1, 10.1016/j.watres.2012.12.027",ERP016405,16S rRNA,V4,FWD:GTGCCAGCMGCCGCGGTAA; REV:GGACTACHVGGGTWTCTAAT,HiSeq,ANL-Chicago,CCME,2/15/12,150,13737,12062.0,12170.0,13483.0,7721.0,6440.0,3492.0,True,True,False,False,False,749906,gut metagenome,9338.0,Wombat,wombats,Vombatidae,sk__Eukaryota,k__Metazoa,p__Chordata,c__Mammalia,o__Diprotodontia,f__Vombatidae,g__,s__,2009-10-23,GAZ:Australia,-37.673563,145.89612,0.0,0.0,329.4906,Large river biome,animal-associated habitat,feces,biome,aquatic biome,freshwater biome,freshwater river biome,Large river biome,,EMP sample,Host-associated,Animal,Animal distal gut,176.0,177.25,6.218118068976362,20.869115715960103,,,,,,,,
2229.W2.N3.5.HE3.Thomas.CMB.Seaweed.lane6.NoIndex.L006,CAACGCTAGAAT,GTGCCAGCMGCCGCGGTAA,DNA from surface swab of Ecklonia radiata macro algae,UNSWW2 N3.5 HE312E2,2229,"Continental-scale variation in seaweed host-associated bacterial communities is a function of host condition, not geography",Torsten Thomas,10.1111/1462-2920.12972,ERP021895,16S rRNA,V4,FWD:GTGCCAGCMGCCGCGGTAA; REV:GGACTACHVGGGTWTCTAAT,HiSeq,ANL-Chicago,ANL,3/1/14,145,72668,32798.0,34193.0,72230.0,52004.0,51399.0,16291.0,True,True,False,False,False,1300146,algae metagenome,309355.0,kelp,,Ecklonia radiata,sk__Eukaryota,k__,p__Phaeophyceae,c__,o__Laminariales,f__Lessoniaceae,g__Ecklonia,s__Ecklonia_radiata,2011-08-29,GAZ:Australia,-31.717,152.7979,0.025,0.0,0.0,marine biome,kelp forest,organic material,biome,aquatic biome,marine biome,,,,EMP sample,Host-associated,Plant,Plant surface,105.0,258.125,2.7794096384738625,13.9556985863,12.99358065,,,,,,,
1288.MAE30July07.McMahon.Pool.1.and.1percentPhiX.110310.HWUSI.EAS552R.0357.s.1.1.sequence,GCATCGTCTGGT,GTGCCAGCMGCCGCGGTAA,freshwater metagenome MAE30July07,XXQIITAXX,1288,Bacterial community spatial and temporal variation in a north temperate bog lake,Katherine McMahon,Missing: Not provided,ERP016854,16S rRNA,V4,FWD:GTGCCAGCMGCCGCGGTAA; REV:GGACTACHVGGGTWTCTAAT,HiSeq,ANL-Chicago,ANL,3/10/11,150,29850,21734.0,23172.0,29611.0,19318.0,18963.0,12700.0,True,True,False,False,False,449393,freshwater metagenome,,,,,,,,,,,,,2007-07-30,GAZ:United States of America,37.09,-95.71,0.5,0.0,256.05,Small lake biome,freshwater lake,fresh water,biome,aquatic biome,freshwater biome,freshwater lake biome,Small lake biome,,EMP sample,Free-living,Non-saline,Water (non-saline),268.0,314.4423076923077,5.551154328010659,34.35712481660309,25.37,,,,,,,
1736.O18.0211,AGGTCCAAATCA,GTGCCAGCMGCCGCGGTAA,Fecal sample taken from cape buffalo O18,O18,1736,African buffalo gut microbiome,Vanessa Ezenwa,Missing: Not provided,ERP016483,16S rRNA,V4,FWD:GTGCCAGCMGCCGCGGTAA; REV:GGACTACHVGGGTWTCTAAT,HiSeq,CCME-Boulder,CCME,12/17/12,100,122985,104769.0,107054.0,122385.0,66107.0,66740.0,0.0,True,True,False,False,False,506599,bovine gut metagenome,37445.0,,Cape buffalo,Syncerus caffer caffer,sk__Eukaryota,k__Metazoa,p__Chordata,c__Mammalia,o__,f__Bovidae,g__Syncerus,s__Syncerus_caffer,2011-02-13,GAZ:South Africa,-23.82,31.44,0.0,0.0,300.0,rangeland biome,animal-associated habitat,feces,biome,terrestrial biome,anthropogenic terrestrial biome,rangeland biome,,,EMP sample,Host-associated,Animal,Animal distal gut,334.0,404.89583333333326,6.236484363619588,32.395299396973,,,,,,,,
894.UY131.lane3.NoIndex.L003,TTGGATTGAACG,GGACTACHVGGGTWTCTAAT,Sambar deer feces,UY131,894,Catchment sources of microbes,Robin Gasser,"10.1186/s13071-016-1607-1, 10.1016/j.watres.2012.12.027",ERP016405,16S rRNA,V4,FWD:GTGCCAGCMGCCGCGGTAA; REV:GGACTACHVGGGTWTCTAAT,HiSeq,ANL-Chicago,CCME,2/15/12,150,28747,25999.0,26556.0,28492.0,15803.0,13228.0,7289.0,True,True,False,False,False,749906,gut metagenome,662561.0,Sambar deer,Sambar,Rusa unicolor,sk__Eukaryota,k__Metazoa,p__Chordata,c__Mammalia,o__,f__Cervidae,g__Rusa,s__Rusa_unicolor,2009-06-01,GAZ:Australia,-37.673563,145.89612,0.0,0.0,329.4906,Large river biome,animal-associated habitat,feces,biome,aquatic biome,freshwater biome,freshwater river biome,Large river biome,,EMP sample,Host-associated,Animal,Animal distal gut,199.0,269.8,5.398175718805917,18.793509106813097,,,,,,,,
550.L2S32.s.2.sequence,TAGCCTCTCTGC,GTGCCAGCMGCCGCGGTAA,sample_615 stool,M3,550,Moving pictures of the human microbiome,Rob Knight,10.1186/gb-2011-12-5-r50,ERP021896,16S rRNA,V4,FWD:GTGCCAGCMGCCGCGGTAA; REV:GGACTACHVGGGTWTCTAAT,HiSeq,CCME-Boulder,CGS-GL,8/27/10,132,35856,34900.0,35110.0,35825.0,27922.0,27678.0,334.0,True,True,False,False,False,408170,human gut metagenome,9606.0,human,human,Homo sapiens,sk__Eukaryota,k__Metazoa,p__Chordata,c__Mammalia,o__Primates,f__Hominidae,g__Homo,s__Homo_sapiens,2009-09-20,GAZ:United States of America,40.015,-105.271,0.0,0.0,1624.1,urban biome,human-associated habitat,feces,biome,terrestrial biome,anthropogenic terrestrial biome,dense settlement biome,urban biome,,EMP sample,Host-associated,Animal,Animal distal gut,127.0,160.6818181818182,3.503847235937117,13.838802475962996,,,,,,,,
2192.H03a.Hand.1501.lane6.NoIndex.L006,CCTGGAATTAAG,GT,H03a.Hand,Person_03.3,2192,Longitudinal analysis of microbial interaction between humans and the indoor environment,Jack Gilbert,10.1126/science.1254529,ERP005806,16S rRNA,V4,FWD:GTGCCAGCMGCCGCGGTAA; REV:GGACTACHVGGGTWTCTAAT,HiSeq,ANL-Chicago,ANL,unknown,151,76685,72601.0,61382.0,76311.0,45200.0,44815.0,38663.0,True,True,False,False,False,539655,human skin metagenome,9606.0,human,human,Homo sapiens,sk__Eukaryota,k__Metazoa,p__Chordata,c__Mammalia,o__Primates,f__Hominidae,g__Homo,s__Homo_sapiens,2012-02-22,GAZ:United States of America,41.88,-87.63,0.0,0.0,181.32,urban biome,human-associated habitat,sebum,biome,terrestrial biome,anthropogenic terrestrial biome,dense settlement biome,urban biome,,EMP sample,Host-associated,Animal,Animal surface,318.0,451.20833333333337,4.579854142422682,36.050977898990986,,,,,,,,
2192.H01a.Nose.36.lane6.NoIndex.L006,ACCTTGACAAGA,GT,H01a.Nose,Person_01.2,2192,Longitudinal analysis of microbial interaction between humans and the indoor environment,Jack Gilbert,10.1126/science.1254529,ERP005806,16S rRNA,V4,FWD:GTGCCAGCMGCCGCGGTAA; REV:GGACTACHVGGGTWTCTAAT,HiSeq,ANL-Chicago,ANL,unknown,151,86059,82636.0,82836.0,85883.0,65650.0,62676.0,55398.0,True,True,True,False,False,1131769,human nasal/pharyngeal metagenome,9606.0,human,human,Homo sapiens,sk__Eukaryota,k__Metazoa,p__Chordata,c__Mammalia,o__Primates,f__Hominidae,g__Homo,s__Homo_sapiens,2012-02-11,GAZ:United States of America,41.88,-87.63,0.0,0.0,181.32,urban biome,human-associated habitat,mucus,biome,terrestrial biome,anthropogenic terrestrial biome,dense settlement biome,urban biome,,EMP sample,Host-associated,Animal,Animal secretion,111.0,395.75,2.3034441900677005,16.96123946567,,,,,,,,
894.YY1841.lane2.NoIndex.L002,GCACCTGTTGAA,GGACTACHVGGGTWTCTAAT,Rabbit feces,YY1841,894,Catchment sources of microbes,Robin Gasser,"10.1186/s13071-016-1607-1, 10.1016/j.watres.2012.12.027",ERP016405,16S rRNA,V4,FWD:GTGCCAGCMGCCGCGGTAA; REV:GGACTACHVGGGTWTCTAAT,HiSeq,ANL-Chicago,CCME,2/15/12,150,77575,60407.0,64114.0,76596.0,39570.0,42167.0,29127.0,True,True,False,False,False,749906,gut metagenome,9986.0,Rabbit,rabbit,Oryctolagus cuniculus,sk__Eukaryota,k__Metazoa,p__Chordata,c__Mammalia,o__Lagomorpha,f__Leporidae,g__Oryctolagus,s__Oryctolagus_cuniculus,2011-03-22,GAZ:Australia,-37.53966,145.139673,0.0,0.0,183.0036,Large river biome,animal-associated habitat,feces,biome,aquatic biome,freshwater biome,freshwater river biome,Large river biome,,EMP sample,Host-associated,Animal,Animal distal gut,691.0,916.5322580645162,7.750547847338833,61.35977294752409,,,,,,,,
1642.MS00381,TCTGAGGTTGCC,GTGCCAGCMGCCGCGGTAA,rhizosphere Nipponbare,MS00381,1642,Microbial community of the bulk soil and rhizosphere of rice plants over its lifecycle,Jose Clemente,Missing: Not provided,ERP016900,16S rRNA,V4,FWD:GTGCCAGCMGCCGCGGTAA; REV:GGACTACHVGGGTWTCTAAT,HiSeq,NIG-Japan,CCME,12/17/12,100,68,49.0,53.0,66.0,4.0,4.0,0.0,True,False,False,False,False,939928,rhizosphere metagenome,4530.0,rice,rice,Oryza sativa,sk__Eukaryota,k__Viridiplantae,p__Streptophyta,c__Liliopsida,o__Poales,f__Poaceae,g__Oryza,s__Oryza_sativa,2011-06-22,GAZ:Japan,35.117,138.937,,0.0,60.0,cropland biome,rice field,rhizosphere,biome,terrestrial biome,anthropogenic terrestrial biome,cropland biome,,,EMP sample,Host-associated,Plant,Plant rhizosphere,,,,,,,,,,,,
1622.UPSub.106.107,TTACTGTGGCCG,GTGCCAGCMGCCGCGGTAA,"Freshwater sediment core slice, Uncas Pond, MA.  Aseptically collected subsample.",XXQIITAXX,1622,Biodiversity and functional patterns of microbial assemblagesin relation to land-use change in postglacial pond sediment profiles,Alison Berry,Missing: Not provided,ERP016496,16S rRNA,V4,FWD:GTGCCAGCMGCCGCGGTAA; REV:GGACTACHVGGGTWTCTAAT,HiSeq,LBNL-Berkeley,CCME,8/28/12,100,86682,40210.0,50698.0,86143.0,49937.0,47171.0,0.0,True,True,True,False,False,556182,freshwater sediment metagenome,,,,,,,,,,,,,2011-01-01,GAZ:United States of America,42.06,-71.37761,1.07,0.0,92.58,Small lake biome,pond,lake sediment,biome,aquatic biome,freshwater biome,freshwater lake biome,Small lake biome,,EMP sample,Free-living,Non-saline,Sediment (non-saline),1118.0,1897.521505376344,8.828232108158216,142.85717648218002,,,,,,,,
925.SA5z,CGTTACTAGAGC,GTGCCAGCMGCCGCGGTAA,Steep_Channel_1 SA5z,SA5z,925,Yellowstone gradients,Greg Caporaso,Missing: Not provided,ERP022167,16S rRNA,V4,FWD:GTGCCAGCMGCCGCGGTAA; REV:GGACTACHVGGGTWTCTAAT,HiSeq,CCME-Boulder,CCME,6/21/11,90,31845,22783.0,27383.0,31352.0,14780.0,0.0,0.0,True,True,True,False,False,527640,microbial mat metagenome,,,,,,,,,,,,,2010-01-01,GAZ:United States of America,44.567,-110.863,0.0,0.0,2208.89,rangeland biome,hot spring,microbial mat,biome,terrestrial biome,anthropogenic terrestrial biome,rangeland biome,,,EMP sample,Free-living,Non-saline,Surface (non-saline),43.0,44.42857142857143,3.9604785623760814,11.337197197078009,89.0,,,,,,,
1622.UPMain.121.122A,GTTTGGCCACAC,GTGCCAGCMGCCGCGGTAA,"Freshwater sediment core slice, Uncas Pond, MA.  Aseptically collected subsample.",XXQIITAXX,1622,Biodiversity and functional patterns of microbial assemblagesin relation to land-use change in postglacial pond sediment profiles,Alison Berry,Missing: Not provided,ERP016496,16S rRNA,V4,FWD:GTGCCAGCMGCCGCGGTAA; REV:GGACTACHVGGGTWTCTAAT,HiSeq,LBNL-Berkeley,CCME,8/28/12,100,113735,51857.0,65199.0,112695.0,63126.0,59676.0,0.0,True,True,True,False,False,556182,freshwater sediment metagenome,,,,,,,,,,,,,2011-01-01,GAZ:United States of America,42.06,-71.37761,1.22,0.0,92.58,Small lake biome,pond,lake sediment,biome,aquatic biome,freshwater biome,freshwater lake biome,Small lake biome,,EMP sample,Free-living,Non-saline,Sediment (non-saline),1182.0,1910.3466666666668,8.93765287109512,141.448186862112,,,,,,,,
1748.5.18.12.R.25.D,GAACAGCTCTAC,GTGCCAGCMGCCGCGGTAA,"rat biogeography, dorsal tail",Rattus Norvegicus 1,1748,Skin biogeography comparison,Juan M. Peralta-Sanchez,Missing: Not provided,ERP022166,16S rRNA,V4,FWD:GTGCCAGCMGCCGCGGTAA; REV:GGACTACHVGGGTWTCTAAT,HiSeq,CCME-Boulder,CCME,12/17/12,100,102464,98523.0,98772.0,101325.0,70860.0,68682.0,0.0,True,True,True,True,False,1427740,rat metagenome,10116.0,,Norway rat,Rattus norvegicus,sk__Eukaryota,k__Metazoa,p__Chordata,c__Mammalia,o__Rodentia,f__Muridae,g__Rattus,s__Rattus_norvegicus,2012-05-18,GAZ:United States of America,40.01,-105.271,0.0,0.0,1624.1,urban biome,animal-associated habitat,sebum,biome,terrestrial biome,anthropogenic terrestrial biome,dense settlement biome,urban biome,,EMP sample,Host-associated,Animal,Animal surface,64.0,64.0,2.903212726898053,10.398549130450204,,,,,,,,
945.P3.G7.lane2.NoIndex.L002,GAATGACGTTTG,GTGCCAGCMGCCGCGGTAA,"freshwater metagenome, Lake Stechlin",P3.G7,945,Long-term seasonal development in selected lakes of northeast Germany,Hans-Peter Grossart,Missing: Not provided,ERP022245,16S rRNA,V4,FWD:GTGCCAGCMGCCGCGGTAA; REV:GGACTACHVGGGTWTCTAAT,HiSeq,ANL-Chicago,CCME,2012,150,70738,62681.0,64555.0,70461.0,49662.0,48539.0,34530.0,True,True,False,False,False,449393,freshwater metagenome,,,,,,,,,,,,,2008-04-08,GAZ:Germany,53.167,13.033,8.0,0.0,88.35,Large lake biome,freshwater lake,fresh water,biome,aquatic biome,freshwater biome,freshwater lake biome,Large lake biome,,EMP sample,Free-living,Non-saline,Water (non-saline),286.0,466.02564102564094,3.625811036584893,39.796261620168096,5.2,,,13.55,,,,
1696.VH0010A,GTGCTGCGCTTA,GTGCCAGCMGCCGCGGTAA,Javan Langur feces,G7179,1696,Gut microbiota and health in wild and captive colobine primates,Vanessa Hale,"10.1016/j.gecco.2016.06.004,10.1016/j.mimet.2015.03.021",ERP016329,16S rRNA,V4,FWD:GTGCCAGCMGCCGCGGTAA; REV:GGACTACHVGGGTWTCTAAT,HiSeq,CCME-Boulder,CCME,6/27/13,100,34394,27868.0,28291.0,33615.0,17595.0,17293.0,0.0,True,True,False,False,False,410656,organismal metagenomes,222416.0,Javan Langur,Javan langur,Trachypithecus auratus,sk__Eukaryota,k__Metazoa,p__Chordata,c__Mammalia,o__Primates,f__Cercopithecidae,g__Trachypithecus,s__Trachypithecus_auratus,2012-04-27,GAZ:Singapore,1.404,103.791,0.0,0.0,37.391,urban biome,animal-associated habitat,feces,biome,terrestrial biome,anthropogenic terrestrial biome,dense settlement biome,urban biome,,EMP sample,Host-associated,Animal,Animal distal gut,227.0,264.27586206896547,6.223816329728935,28.647105696113005,,,,,,,,
722.SV1.2.s.2.1.sequence,ACAGTT,GTGCCAGCMGCCGCGGTAA,"Sevilleta New Mexico, desert scrub, pH 8.4",SV1,722,Global patterns of 16S rRNA diversity at a depth of millions of sequences per sample (5PRIME),Rob Knight,10.1073/pnas.1000080107,ERP020884,16S rRNA,V4,FWD:GTGCCAGCMGCCGCGGTAA; REV:GGACTACHVGGGTWTCTAAT,GAIIx,CCME-Boulder,CGS-GL,10/13/09,100,93489,76536.0,78793.0,89474.0,20014.0,14262.0,0.0,True,True,True,False,False,410658,soil metagenome,,,,,,,,,,,,,2008-01-01,GAZ:United States of America,31.712,-106.466,0.0,0.0,1139.62,desert biome,shrubland,soil,biome,terrestrial biome,desert biome,,,,EMP sample,Free-living,Non-saline,Soil (non-saline),1054.0,1569.8217821782175,8.656570583310199,76.52148655787204,,8.3,,,,,,
1774.442.Skin.Puer,CTCACCTAGGAA,GGACTACHVGGGTWTCTAAT,442.Skin.Puer,81.Puer,1774,Puerto Rico and Plantanal samples for the western acculturation project,MG Dominguez-Bello,Missing: Not provided,ERP016472,16S rRNA,V4,FWD:GTGCCAGCMGCCGCGGTAA; REV:GGACTACHVGGGTWTCTAAT,HiSeq,CCME-Boulder,CCME,6/27/13,100,56858,50074.0,50369.0,54875.0,32241.0,30456.0,0.0,True,True,True,True,False,539655,human skin metagenome,9606.0,human,human,Homo sapiens,sk__Eukaryota,k__Metazoa,p__Chordata,c__Mammalia,o__Primates,f__Hominidae,g__Homo,s__Homo_sapiens,,GAZ:Puerto Rico,18.47,-66.11,0.0,0.0,7.79,urban biome,human-associated habitat,sebum,biome,terrestrial biome,anthropogenic terrestrial biome,dense settlement biome,urban biome,,EMP sample,Host-associated,Animal,Animal surface,90.0,117.0,3.149198843477118,14.209435413910104,,,,,,,,
933.N.1.1.H.E.2,AGCCAGTCATAC,GTGCCAGCMGCCGCGGTAA,DNA  from  surface  swab  of  Ecklonia  radiata  kelp,UNSW0002,933,Latitudinal surveys of algal-associated microorganisms,Torsten Thomas,10.1111/1462-2920.12972,ERP021699,16S rRNA,V4,FWD:GTGCCAGCMGCCGCGGTAA; REV:GGACTACHVGGGTWTCTAAT,HiSeq,ANL-Chicago,CCME,unknown,100,215316,135049.0,140990.0,213978.0,110994.0,106228.0,0.0,True,True,True,True,False,718308,biofilm metagenome,309355.0,kelp,,Ecklonia radiata,sk__Eukaryota,k__,p__Phaeophyceae,c__,o__Laminariales,f__Lessoniaceae,g__Ecklonia,s__Ecklonia_radiata,2011-04-12,GAZ:Australia,-33.9998,151.2467167,9.8,0.0,0.0,marine biome,kelp forest,biofilm,biome,aquatic biome,marine biome,,,,EMP sample,Host-associated,Plant,Plant surface,206.0,303.5,5.672967197348273,26.176438197496015,22.0,,,,,,,
550.L2S10.s.2.sequence,GGTCGTAGCGTA,GTGCCAGCMGCCGCGGTAA,sample_376 stool,M3,550,Moving pictures of the human microbiome,Rob Knight,10.1186/gb-2011-12-5-r50,ERP021896,16S rRNA,V4,FWD:GTGCCAGCMGCCGCGGTAA; REV:GGACTACHVGGGTWTCTAAT,HiSeq,CCME-Boulder,CGS-GL,8/27/10,132,23824,23631.0,23657.0,23804.0,18533.0,18376.0,1361.0,True,True,False,False,False,408170,human gut metagenome,9606.0,human,human,Homo sapiens,sk__Eukaryota,k__Metazoa,p__Chordata,c__Mammalia,o__Primates,f__Hominidae,g__Homo,s__Homo_sapiens,2009-08-28,GAZ:United States of America,40.015,-105.271,0.0,0.0,1624.1,urban biome,human-associated habitat,feces,biome,terrestrial biome,anthropogenic terrestrial biome,dense settlement biome,urban biome,,EMP sample,Host-associated,Animal,Animal distal gut,167.0,183.43478260869568,5.5070665598744535,20.465566851963004,,,,,,,,
1883.2006.03.Crump.Artic.LTREB.main.lane1.NoIndex,AATGACCTCGTG,GTGCCAGCMGCCGCGGTAA,stream water,XXQIITAXX,1883,Microbial diversity in arctic freshwaters is structured by inoculation of microbes from soils,Byron Crump,10.1038/ismej.2012.9,ERP017459,16S rRNA,V4,FWD:GTGCCAGCMGCCGCGGTAA; REV:GGACTACHVGGGTWTCTAAT,HiSeq,ANL-Chicago,CCME,2/1/14,138,95925,50492.0,54170.0,90751.0,43527.0,44603.0,68.0,True,True,False,False,False,449393,freshwater metagenome,,,,,,,,,,,,,2006-01-01,GAZ:United States of America,68.61838333,-149.5965,0.01,0.0,728.0,freshwater biome,freshwater habitat,fresh water,biome,aquatic biome,freshwater biome,,,,EMP sample,Free-living,Non-saline,Water (non-saline),2283.0,4431.367741935484,10.286700874694418,219.6040442126123,11.9,7.9,,,,,0.18,
925.SD4y,CTATGCTTGATG,GTGCCAGCMGCCGCGGTAA,Steep_Channel_1 SD4y,SD4y,925,Yellowstone gradients,Greg Caporaso,Missing: Not provided,ERP022167,16S rRNA,V4,FWD:GTGCCAGCMGCCGCGGTAA; REV:GGACTACHVGGGTWTCTAAT,HiSeq,CCME-Boulder,CCME,6/21/11,90,11757,10591.0,11076.0,11714.0,5151.0,0.0,0.0,True,True,True,False,False,527640,microbial mat metagenome,,,,,,,,,,,,,2010-01-01,GAZ:United States of America,44.567,-110.863,0.0,0.0,2208.89,rangeland biome,hot spring,microbial mat,biome,terrestrial biome,anthropogenic terrestrial biome,rangeland biome,,,EMP sample,Free-living,Non-saline,Surface (non-saline),38.0,39.5,3.166018672245165,9.726328388448,67.1,,,,,,,
905.PLO6.t2.OSCANOX.0to1cm.1,TTGGATTGAACG,GTGCCAGCMGCCGCGGTAA,"Redox oscillation PL06; t=2, oscanox, 1",XXQIITAXX,905,Anaerobic ammonium-oxidizing bacteria in marine environments: widespread occurrence but low diversity,Stefan Hulth,10.1111/j.1462-2920.2007.01266.x*,ERP021691,16S rRNA,V4,FWD:GTGCCAGCMGCCGCGGTAA; REV:GGACTACHVGGGTWTCTAAT,HiSeq,ANL-Chicago,ANL,8/13/08,151,89817,63222.0,66353.0,86214.0,42540.0,42308.0,30469.0,True,True,True,True,False,412755,marine sediment metagenome,,,,,,,,,,,,,2006-06-01,GAZ:Sweden,58.322,11.534,118.0,0.0,3.94,marine biome,continental shelf,marine sediment,biome,aquatic biome,marine biome,,,,EMP sample,Free-living,Saline,Sediment (saline),652.0,1036.3739837398375,6.996710684415065,62.77813782869002,6.0,7.8,32.0,,5.0,10.0,5.0,
2192.H04a.Dog.Foot.2111.lane6.NoIndex.L006,AACATGCATGCC,GT,H04a.Skin,Dog_04.3,2192,Longitudinal analysis of microbial interaction between humans and the indoor environment,Jack Gilbert,10.1126/science.1254529,ERP005806,16S rRNA,V4,FWD:GTGCCAGCMGCCGCGGTAA; REV:GGACTACHVGGGTWTCTAAT,HiSeq,ANL-Chicago,ANL,unknown,151,67370,65491.0,65036.0,67178.0,25360.0,25598.0,41042.0,True,True,False,False,False,1338477,skin metagenome,9615.0,human,dog,Canis lupus familiaris,sk__Eukaryota,k__Metazoa,p__Chordata,c__Mammalia,o__Carnivora,f__Canidae,g__Canis,s__Canis_lupus,2012-02-22,GAZ:United States of America,41.88,-87.63,0.0,0.0,181.32,urban biome,animal-associated habitat,sebum,biome,terrestrial biome,anthropogenic terrestrial biome,dense settlement biome,urban biome,,EMP sample,Host-associated,Animal,Animal surface,359.0,388.3191489361702,6.767507984616375,37.302359222540005,,,,,,,,
550.L6S285.s.6.sequence,AGAACACGTCTC,GTGCCAGCMGCCGCGGTAA,sample_1849 saliva,M3,550,Moving pictures of the human microbiome,Rob Knight,10.1186/gb-2011-12-5-r50,ERP021896,16S rRNA,V4,FWD:GTGCCAGCMGCCGCGGTAA; REV:GGACTACHVGGGTWTCTAAT,HiSeq,CCME-Boulder,CGS-GL,8/27/10,132,36888,36003.0,36119.0,36869.0,28207.0,27487.0,3001.0,True,True,True,False,False,447426,human oral metagenome,9606.0,human,human,Homo sapiens,sk__Eukaryota,k__Metazoa,p__Chordata,c__Mammalia,o__Primates,f__Hominidae,g__Homo,s__Homo_sapiens,2009-11-03,GAZ:United States of America,40.015,-105.271,0.0,0.0,1624.1,urban biome,human-associated habitat,saliva,biome,terrestrial biome,anthropogenic terrestrial biome,dense settlement biome,urban biome,,EMP sample,Host-associated,Animal,Animal secretion,78.0,97.125,3.80786881563802,11.962546109699,,,,,,,,
945.P12.A5.lane5.NoIndex.L005,CTGAAGGGCGAA,GTGCCAGCMGCCGCGGTAA,"freshwater metagenome, Lake Tiefwaren",P12.A5,945,Long-term seasonal development in selected lakes of northeast Germany,Hans-Peter Grossart,Missing: Not provided,ERP022245,16S rRNA,V4,FWD:GTGCCAGCMGCCGCGGTAA; REV:GGACTACHVGGGTWTCTAAT,HiSeq,ANL-Chicago,CCME,2012,150,36513,24483.0,25545.0,36213.0,21558.0,20958.0,15026.0,True,True,False,False,False,449393,freshwater metagenome,,,,,,,,,,,,,2011-08-16,GAZ:Germany,53.517,12.7,2.5,0.0,78.28,Large lake biome,freshwater lake,fresh water,biome,aquatic biome,freshwater biome,freshwater lake biome,Large lake biome,,EMP sample,Free-living,Non-saline,Water (non-saline),351.0,391.57142857142856,6.5869067833481925,42.742982803924185,18.9,8.56,,10.3,,,,
1694.St3F6.r.EMPbird.v4.NoIndex.L001,TACGCAGCACTA,GTGCCAGCMGCCGCGGTAA,egg.St3F6,EC.61.2A,1694,Starling eggshells from Spain,Juan M. Peralta-Sanchez,Missing: Not provided,ERP016469,16S rRNA,V4,FWD:GTGCCAGCMGCCGCGGTAA; REV:GGACTACHVGGGTWTCTAAT,HiSeq,CCME-Boulder,CCME,10/28/13,100,1111,863.0,869.0,1088.0,755.0,743.0,0.0,True,False,False,False,False,410656,organismal metagenomes,38112.0,starling,,Pemphiginae,sk__Eukaryota,k__Metazoa,p__Arthropoda,c__Insecta,o__Hemiptera,f__Pemphigidae,g__,s__,2009-05-11,GAZ:Spain,37.252803,-3.029153,0.0,0.0,1105.0,mediterranean woodland biome,nest of bird,avian egg product,biome,terrestrial biome,woodland biome,subtropical woodland biome,mediterranean woodland biome,,EMP sample,Host-associated,Animal,Animal surface,,,,,,,,,,,,
2229.T.B.I.3.HE5.Thomas.CMB.Seaweed.lane6.NoIndex.L006,GCTCCTTAGAAG,GTGCCAGCMGCCGCGGTAA,DNA from surface swab of Ecklonia radiata macro algae,UNSWT.B.I.3 HE514F2,2229,"Continental-scale variation in seaweed host-associated bacterial communities is a function of host condition, not geography",Torsten Thomas,10.1111/1462-2920.12972,ERP021895,16S rRNA,V4,FWD:GTGCCAGCMGCCGCGGTAA; REV:GGACTACHVGGGTWTCTAAT,HiSeq,ANL-Chicago,ANL,3/1/14,145,94074,36460.0,46535.0,93000.0,61661.0,61262.0,23273.0,True,True,False,False,False,1300146,algae metagenome,309355.0,kelp,,Ecklonia radiata,sk__Eukaryota,k__,p__Phaeophyceae,c__,o__Laminariales,f__Lessoniaceae,g__Ecklonia,s__Ecklonia_radiata,2012-06-02,GAZ:Australia,-33.9907,151.2324,0.025,0.0,0.0,marine biome,kelp forest,organic material,biome,aquatic biome,marine biome,,,,EMP sample,Host-associated,Plant,Plant surface,112.0,242.0,4.262256300574244,15.623969997821,16.8,,,,,,,
1642.MS00344,GCGTCCATGAAT,GTGCCAGCMGCCGCGGTAA,rhizosphere 93-11,MS00344,1642,Microbial community of the bulk soil and rhizosphere of rice plants over its lifecycle,Jose Clemente,Missing: Not provided,ERP016900,16S rRNA,V4,FWD:GTGCCAGCMGCCGCGGTAA; REV:GGACTACHVGGGTWTCTAAT,HiSeq,NIG-Japan,CCME,12/17/12,100,110445,88896.0,91476.0,108770.0,46496.0,47002.0,0.0,True,True,True,True,False,939928,rhizosphere metagenome,4530.0,rice,rice,Oryza sativa,sk__Eukaryota,k__Viridiplantae,p__Streptophyta,c__Liliopsida,o__Poales,f__Poaceae,g__Oryza,s__Oryza_sativa,2011-06-16,GAZ:Japan,35.117,138.937,,0.0,60.0,cropland biome,rice field,rhizosphere,biome,terrestrial biome,anthropogenic terrestrial biome,cropland biome,,,EMP sample,Host-associated,Plant,Plant rhizosphere,1489.0,2765.5106382978724,8.881958581838495,128.469841804652,,,,,,,,
713.TL11.82,AGGAACCAGACG,GTGCCAGCMGCCGCGGTAA,TLE.central.new carbonate deposit from alkaline spring,TLE.central.new,713,Diversity of carbonate deposits and basement rocks in continental and marine serpentinite seeps,William Brazelton,10.3389/fmicb.2011.00268,ERP016412,16S rRNA,V4,FWD:GTGCCAGCMGCCGCGGTAA; REV:GGACTACHVGGGTWTCTAAT,HiSeq,ANL-Chicago,CCME,2/14/12,151,4651,3631.0,3685.0,4259.0,2997.0,2885.0,2337.0,True,False,False,False,False,718308,biofilm metagenome,,,,,,,,,,,,,2011-06-29,GAZ:Canada,49.473,-57.981,0.0,0.0,414.0,marine biome,alkaline habitat,sediment,biome,aquatic biome,marine biome,,,,EMP sample,Free-living,Saline,Sediment (saline),,,,,8.8,10.81,0.0092,,,,,
755.SSFB.L3.2.D40.21.06.11.lane1.NoIndex.L001,ACCATCCAACGA,GTGCCAGCMGCCGCGGTAA ,samples of sand from slow_sand filter water purification system,XXQIITAXX,755,Replicating the microbial community and water quality performance of full-scale slow sand filters in laboratory-scale filters,Sarah Haig,10.1016/j.watres.2014.05.008,ERP020510,16S rRNA,V4,FWD:GTGCCAGCMGCCGCGGTAA; REV:GGACTACHVGGGTWTCTAAT,HiSeq,ANL-Chicago,ANL,2013,150,72110,60915.0,61937.0,71765.0,46447.0,46274.0,35812.0,True,True,False,False,False,718308,biofilm metagenome,,,,,,,,,,,,,2011-06-21,GAZ:Scotland,55.905,-3.204,0.4,0.0,180.0,urban biome,biofilter,sand,biome,terrestrial biome,anthropogenic terrestrial biome,dense settlement biome,urban biome,,EMP sample,Free-living,Non-saline,Soil (non-saline),508.0,916.7878787878789,5.201084204363905,51.473160335738,10.55,,,,,,,
1883.2010.007.Crump.Artic.LTREB.main.lane3.NoIndex,TCTCAGCGCGTA,GTGCCAGCMGCCGCGGTAA,stream water,XXQIITAXX,1883,Microbial diversity in arctic freshwaters is structured by inoculation of microbes from soils,Byron Crump,10.1038/ismej.2012.9,ERP017459,16S rRNA,V4,FWD:GTGCCAGCMGCCGCGGTAA; REV:GGACTACHVGGGTWTCTAAT,HiSeq,ANL-Chicago,CCME,2/1/14,138,22,0.0,0.0,19.0,0.0,0.0,0.0,True,False,False,False,False,449393,freshwater metagenome,,,,,,,,,,,,,2010-01-01,GAZ:United States of America,68.96136714,-150.6050457,0.01,0.0,321.0,freshwater biome,freshwater habitat,fresh water,biome,aquatic biome,freshwater biome,,,,EMP sample,Free-living,Non-saline,Water (non-saline),,,,,10.1,7.0,,,0.3,,0.63,
1481.NA.20.T0,GTCTGTTGAGTG,GGACTACHVGGGTWTCTAAT,Fecal sample taken from individual NA.20,NA.20,1481,Whole-grain wheat consumption reduces inflammation in a randomized controlled trial on overweight and obese subjects with unhealthy dietary and lifestyle behaviors: role of polyphenols bound to cereal dietary fiber,Danilo Ercolini,10.3945/ajcn.114.088120,ERP016451,16S rRNA,V4,FWD:GTGCCAGCMGCCGCGGTAA; REV:GGACTACHVGGGTWTCTAAT,HiSeq,LBNL-Berkeley,CCME,2012,151,18245,14588.0,14733.0,15978.0,11318.0,10942.0,7788.0,True,True,True,False,False,408170,human gut metagenome,9606.0,human,human,Homo sapiens,sk__Eukaryota,k__Metazoa,p__Chordata,c__Mammalia,o__Primates,f__Hominidae,g__Homo,s__Homo_sapiens,2012-01-16 00:00:00,GAZ:Italy,40.7,14.5,0.0,0.0,150.0,urban biome,human-associated habitat,feces,biome,terrestrial biome,anthropogenic terrestrial biome,dense settlement biome,urban biome,,EMP sample,Host-associated,Animal,Animal distal gut,85.0,101.15384615384616,4.3527812466361215,12.04291660715,,,,,,,,
1632.E5C02.Knight16sV4.JuannaBirdEMP.NoIndex.L005.R1.001.sequences,CTTCCCTAACTC,GTGCCAGCMGCCGCGGTAA ,Bird Egg Shells  from nest Golondrinacomun.Gol3.2,Golondrinacomun.Gol3.2,1632,Bird eggshells from Spain,Juan M. Peralta-Sanchez,10.1111/j.1474-919X.2012.01256.x*,ERP016455,16S rRNA,V4,FWD:GTGCCAGCMGCCGCGGTAA; REV:GGACTACHVGGGTWTCTAAT,HiSeq,CCME-Boulder,CCME,8/28/12,100,102946,100376.0,100712.0,102593.0,81935.0,65950.0,0.0,True,True,True,False,False,410656,organismal metagenomes,43150.0,Barn swallow,Barn swallow,Hirundo rustica,sk__Eukaryota,k__Metazoa,p__Chordata,c__Aves,o__Passeriformes,f__Hirundinidae,g__Hirundo,s__Hirundo_rustica,2007-05-25,GAZ:Spain,37.43306389,-3.103047222,0.0,0.0,992.0,mediterranean shrubland biome,nest of bird,avian egg product,biome,terrestrial biome,shrubland biome,subtropical shrubland biome,mediterranean shrubland biome,,EMP sample,Host-associated,Animal,Animal surface,41.0,71.0,0.4874361465546293,8.1822415730245,,,,,,,,
1288.MAH26May08.McMahon.Pool.3.and.1percentPhiX.110310.HWUSI.EAS552R.0357.s.3.1.sequence,TCGACATCTCTT,GTGCCAGCMGCCGCGGTAA,freshwater metagenome MAH26May08,XXQIITAXX,1288,Bacterial community spatial and temporal variation in a north temperate bog lake,Katherine McMahon,Missing: Not provided,ERP016854,16S rRNA,V4,FWD:GTGCCAGCMGCCGCGGTAA; REV:GGACTACHVGGGTWTCTAAT,HiSeq,ANL-Chicago,ANL,3/10/11,150,35443,24690.0,25788.0,35072.0,21232.0,21197.0,9615.0,True,True,False,False,False,449393,freshwater metagenome,,,,,,,,,,,,,2008-05-26,GAZ:United States of America,37.09,-95.71,11.6,0.0,256.05,Small lake biome,freshwater lake,fresh water,biome,aquatic biome,freshwater biome,freshwater lake biome,Small lake biome,,EMP sample,Free-living,Non-saline,Water (non-saline),694.0,1072.5116279069766,7.312437891555574,85.7696573573756,4.52,,,,,,,
1289.KH42,AGACTCAGACTC,:GTGCCAGCMGCCGCGGTAA,soil metagenomeC7R13-N-I-5-B-MAR0-10cm_soil,KH42,1289,"Native exotic precipitation study in Temple, TX, USA",Kirsten S. Hofmockel,Missing: Not provided,ERP016852,16S rRNA,V4,FWD:GTGCCAGCMGCCGCGGTAA; REV:GGACTACHVGGGTWTCTAAT,HiSeq,ANL-Chicago,ANL,6/2/11,131,162481,123704.0,129121.0,159182.0,79583.0,80670.0,17999.0,True,True,False,False,False,410658,soil metagenome,,,,,,,,,,,,,2009-10-14,GAZ:United States of America,31.078,-97.39,0.05,0.0,188.0,cropland biome,field,soil,biome,terrestrial biome,anthropogenic terrestrial biome,cropland biome,,,EMP sample,Free-living,Non-saline,Soil (non-saline),886.0,1448.5208333333337,8.250548201213206,69.469655338196,,,,,,,,
1453.54374SDZ1.D8.Tcris.stom,GGACTTCCAGCT,GTGCCAGCMGCCGCGGTAA,saccus content,54374,1453,The gut microbiota distinguishes GI-healthy and -unhealthy captive colobineprimates,Rob Knight,10.1016/j.gecco.2016.06.004,ERP016286,16S rRNA,V4,FWD:GTGCCAGCMGCCGCGGTAA; REV:GGACTACHVGGGTWTCTAAT ,HiSeq,CCME-Boulder,CCME,2/14/12,100,139714,57648.0,58260.0,138213.0,61683.0,55856.0,0.0,True,True,True,True,False,749906,gut metagenome,54133.0,Silvered-leaf Langur,Red shanked douc langur,Pygathrix nemaeus,sk__Eukaryota,k__Metazoa,p__Chordata,c__Mammalia,o__Primates,f__Cercopithecidae,g__Pygathrix,s__Pygathrix_nemaeus,2011-08-10,GAZ:United States of America,32.72,-117.16,0.0,0.0,18.57,urban biome,animal-associated habitat,organic material,biome,terrestrial biome,anthropogenic terrestrial biome,dense settlement biome,urban biome,,EMP sample,Host-associated,Animal,Animal proximal gut,279.0,350.02702702702703,6.06026568501201,39.11441278987999,,,,,,,,
722.NP5.3.s.3.1.sequence,TCATGT,GTGCCAGCMGCCGCGGTAA,"Newport Pier, CA surface water, Time 3",NP5,722,Global patterns of 16S rRNA diversity at a depth of millions of sequences per sample (5PRIME),Rob Knight,10.1073/pnas.1000080107,ERP020884,16S rRNA,V4,FWD:GTGCCAGCMGCCGCGGTAA; REV:GGACTACHVGGGTWTCTAAT,GAIIx,CCME-Boulder,CGS-GL,10/13/09,100,265484,215910.0,219910.0,263195.0,107928.0,86366.0,0.0,True,True,True,True,True,408172,marine metagenome,,,,,,,,,,,,,,GAZ:United States of America,33.607,-117.93,0.0,0.0,0.0,marine biome,marine habitat,sea water,biome,aquatic biome,marine biome,,,,EMP sample,Free-living,Saline,Water (saline),266.0,337.02702702702703,6.1488835632121965,32.79590959974199,,,,,,,,
945.P6.F10.lane2.NoIndex.L002,CCACATTGGGTC,GTGCCAGCMGCCGCGGTAA,"freshwater metagenome, Lake Grosse Fuchskuhle",P6.F10,945,Long-term seasonal development in selected lakes of northeast Germany,Hans-Peter Grossart,Missing: Not provided,ERP022245,16S rRNA,V4,FWD:GTGCCAGCMGCCGCGGTAA; REV:GGACTACHVGGGTWTCTAAT,HiSeq,ANL-Chicago,CCME,2012,150,61274,23110.0,21729.0,60830.0,41464.0,40183.0,29388.0,True,True,False,False,False,449393,freshwater metagenome,,,,,,,,,,,,,2005-09-15,GAZ:Germany,53.1,13.033,1.0,0.0,88.35,Large lake biome,freshwater lake,fresh water,biome,aquatic biome,freshwater biome,freshwater lake biome,Large lake biome,,EMP sample,Free-living,Non-saline,Water (non-saline),271.0,344.19672131147536,5.348862482384618,36.02149488966312,18.6,6.32,,8.5,,,,
550.L1S289.s.1.sequence,CTGTTCGTAGAG,GTGCCAGCMGCCGCGGTAA,sample_205 stool,M3,550,Moving pictures of the human microbiome,Rob Knight,10.1186/gb-2011-12-5-r50,ERP021896,16S rRNA,V4,FWD:GTGCCAGCMGCCGCGGTAA; REV:GGACTACHVGGGTWTCTAAT,HiSeq,CCME-Boulder,CGS-GL,8/27/10,132,54208,51680.0,51851.0,54093.0,35119.0,34624.0,2501.0,True,True,False,False,False,408170,human gut metagenome,9606.0,human,human,Homo sapiens,sk__Eukaryota,k__Metazoa,p__Chordata,c__Mammalia,o__Primates,f__Hominidae,g__Homo,s__Homo_sapiens,2009-04-22,GAZ:United States of America,40.015,-105.271,0.0,0.0,1624.1,urban biome,human-associated habitat,feces,biome,terrestrial biome,anthropogenic terrestrial biome,dense settlement biome,urban biome,,EMP sample,Host-associated,Animal,Animal distal gut,125.0,147.55555555555554,4.593734550235534,15.456255095453002,,,,,,,,
945.P3.H1.lane2.NoIndex.L002,ACACATAAGTCG,GTGCCAGCMGCCGCGGTAA,"freshwater metagenome, Lake Stechlin",P3.H1,945,Long-term seasonal development in selected lakes of northeast Germany,Hans-Peter Grossart,Missing: Not provided,ERP022245,16S rRNA,V4,FWD:GTGCCAGCMGCCGCGGTAA; REV:GGACTACHVGGGTWTCTAAT,HiSeq,ANL-Chicago,CCME,2012,150,55502,50063.0,51455.0,55203.0,38149.0,37832.0,25340.0,True,True,False,False,False,449393,freshwater metagenome,,,,,,,,,,,,,2007-09-19,GAZ:Germany,53.167,13.033,40.0,0.0,88.35,Large lake biome,freshwater lake,fresh water,biome,aquatic biome,freshwater biome,freshwater lake biome,Large lake biome,,EMP sample,Free-living,Non-saline,Water (non-saline),215.0,248.78125,6.063385336169385,29.852899938148106,5.4,7.69,,8.2,,,,
1521.AR1.s.6.1.sequences,CATGGCTACACA,GTGCCAGCMGCCGCGGTAA,soil metagenome AR1,,1521,Samples presented at EMP conference June 2011 Shenzhen,Rob Knight,Missing: Not provided,ERP023684,16S rRNA,V4,FWD:GTGCCAGCMGCCGCGGTAA; REV:GGACTACHVGGGTWTCTAAT,HiSeq,CCME-Boulder,CCME,5/20/11,90,62936,48412.0,53550.0,61709.0,33058.0,0.0,0.0,True,True,True,True,False,410658,soil metagenome,,,,,,,,,,,,,2008-01-01 00:00:00,GAZ:Argentina,-27.73,-55.68,0.025,0.0,150.0,grassland biome,grassland soil,soil,biome,terrestrial biome,grassland biome,,,,EMP sample,Free-living,Non-saline,Soil (non-saline),586.0,996.4545454545456,5.763718414384206,53.296093035060025,,5.8,,,,,,
